Workbook

Sheet Raw_Data
A1: Resource ID | B1: Service Name | C1: Usage Quantity | D1: Usage Unit | E1: Region/Zone | F1: CPU Utilization (%) | G1: Memory Utilization (%) | H1: Network Inbound Data (Bytes) | I1: Network Outbound Data (Bytes) | J1: Usage Start Date | K1: Usage End Date | L1: Cost per Quantity ($) | M1: Unrounded Cost ($) | N1: Rounded Cost ($) | O1: Total Cost (INR)
A2: res-ST6BAJ2N | B2: Cloud Dataproc | C2: 954.9843 | D2: Requests | E2: europe-north1 | F2: 92.72 | G2: 70.42 | H2: 77097035547 | I2: 82685933273 | J2: 45299.933 | K2: 45481.287 | L2: 5.24 | M2: 5004.12 | N2: 5004 | O2: 415332
A3: res-TYGNR0RV | B3: Pub/Sub | C3: 479.6348 | D3: GB | E3: europe-west1 | F3: 37.78 | G3: 46.8 | H3: 8239357017 | I3: 11351490561 | J3: 23-08-2024 09:18 | K3: 25-08-2024 07:26 | L3: 9.82 | M3: 4710.01 | N3: 4710 | O3: 390930
A4: res-S3I9C869 | B4: BigQuery | C4: 114.4129 | D4: GB | E4: southamerica-east1 | F4: 82.54 | G4: 59.47 | H4: 23358691883 | I4: 23450812120 | J4: 18-07-2024 11:13 | K4: 22-07-2024 00:45 | L4: 7.37 | M4: 843.22 | N4: 843 | O4: 69969
A5: res-1RY9BZ6G | B5: Cloud Endpoints | C5: 413.193 | D5: GB | E5: us-central1 | F5: 86.68 | G5: 97.63 | H5: 53404385778 | I5: 60780194484 | J5: 20-07-2024 00:15 | K5: 21-07-2024 10:16 | L5: 4.41 | M5: 1822.18 | N5: 1822 | O5: 151226
A6: res-S3HQYIZ2 | B6: Cloud Spanner | C6: 335.9892 | D6: GB | E6: asia-southeast1 | F6: 82.95 | G6: 21.58 | H6: 10795270461 | I6: 14161382061 | J6: 21-08-2024 21:25 | K6: 25-08-2024 00:21 | L6: 6.09 | M6: 2046.17 | N6: 2046 | O6: 169818
A7: res-MWGCR6VT | B7: Cloud Run | C7: 50.8 | D7: Hours | E7: europe-north1 | F7: 32.36 | G7: 95.15 | H7: 67970493743 | I7: 70311789173 | J7: 18-07-2024 03:07 | K7: 20-07-2024 05:55 | L7: 8.8 | M7: 447.04 | N7: 447 | O7: 37101
A8: res-FSWKHTQW | B8: Cloud CDN | C8: 333.6126 | D8: Requests | E8: europe-west1 | F8: 12.21 | G8: 62.31 | H8: 27515142149 | I8: 27664449839 | J8: 23-08-2024 11:39 | K8: 25-08-2024 11:08 | L8: 5.84 | M8: 1948.3 | N8: 1948 | O8: 161684
A9: res-S7I6Z6JD | B9: Cloud Run | C9: 49.5833 | D9: Hours | E9: asia-southeast1 | F9: 59.18 | G9: 6.07 | H9: 69079125950 | I9: 78552821117 | J9: 20-08-2024 13:23 | K9: 22-08-2024 14:58 | L9: 4.84 | M9: 239.98 | N9: 240 | O9: 19920
A10: res-U3CCWT2L | B10: Cloud VPN | C10: 384.7979 | D10: Requests | E10: northamerica-northeast1 | F10: 36.67 | G10: 9.41 | H10: 14639390405 | I10: 20917834831 | J10: 45511.816 | K10: 14-07-2024 04:02 | L10: 1.98 | M10: 761.9 | N10: 762 | O10: 63246
A11: res-4DX4UZEY | B11: Firestore | C11: 533.6245 | D11: Requests | E11: australia-southeast1 | F11: 96.4 | G11: 52.4 | H11: 72632018521 | I11: 72843203438 | J11: 45419.392 | K11: 45572.893 | L11: 5.08 | M11: 2710.81 | N11: 2711 | O11: 225013
A12: res-JAL9EY6P | B12: Compute Engine | C12: 78.7 | D12: Hours | E12: europe-west1 | F12: 68.28 | G12: 26.56 | H12: 60327278928 | I12: 66769681245 | J12: 45542.606 | K12: 45633.885 | L12: 4.89 | M12: 384.84 | N12: 385 | O12: 31955
A13: res-B4GZM2Q6 | B13: AI Platform | C13: 86.6333 | D13: Hours | E13: europe-west1 | F13: 12.91 | G13: 5.41 | H13: 92616000746 | I13: 99059500361 | J13: 14-08-2024 09:47 | K13: 18-08-2024 00:25 | L13: 9.23 | M13: 799.63 | N13: 800 | O13: 66400
A14: res-012HZFAA | B14: Cloud Interconnect | C14: 290.0492 | D14: Requests | E14: us-central1 | F14: 53.93 | G14: 14.51 | H14: 15213923507 | I14: 19106889929 | J14: 19-07-2024 19:26 | K14: 22-07-2024 13:56 | L14: 4.09 | M14: 1186.3 | N14: 1186 | O14: 98438
A15: res-ELZMGAPV | B15: Pub/Sub | C15: 96.9514 | D15: Requests | E15: asia-east1 | F15: 73.72 | G15: 1.94 | H15: 47714907583 | I15: 55324053975 | J15: 18-07-2024 12:56 | K15: 20-07-2024 21:28 | L15: 3.15 | M15: 305.4 | N15: 305 | O15: 25315
A16: res-XACLYR7O | B16: Cloud CDN | C16: 657.3878 | D16: Requests | E16: us-east1 | F16: 43.57 | G16: 32.42 | H16: 64719533732 | I16: 74457276259 | J16: 45358.985 | K16: 45511.274 | L16: 3.28 | M16: 2156.23 | N16: 2156 | O16: 178948
A17: res-O0Y1GSUY | B17: AI Platform | C17: 98.3833 | D17: Hours | E17: asia-east1 | F17: 47.61 | G17: 86.01 | H17: 14130706238 | I17: 23480009488 | J17: 20-08-2024 03:04 | K17: 24-08-2024 05:27 | L17: 7.71 | M17: 758.54 | N17: 759 | O17: 62997
A18: res-S3LT44XO | B18: Cloud Build | C18: 713.5354 | D18: GB | E18: asia-east1 | F18: 93.56 | G18: 2.89 | H18: 61053572660 | I18: 66456079011 | J18: 25-08-2024 21:20 | K18: 31-08-2024 12:24 | L18: 5.12 | M18: 3653.3 | N18: 3653 | O18: 303199
A19: res-4FELBDAQ | B19: Cloud Armor | C19: 609.9901 | D19: Requests | E19: us-east1 | F19: 98.66 | G19: 51.52 | H19: 70591459011 | I19: 75043755268 | J19: 45480.036 | K19: 45542.574 | L19: 4.92 | M19: 3001.15 | N19: 3001 | O19: 249083
A20: res-8DBLI7MV | B20: Pub/Sub | C20: 61.3889 | D20: Requests | E20: asia-southeast1 | F20: 20.25 | G20: 49.89 | H20: 24459345122 | I20: 30238120394 | J20: 28-08-2024 09:37 | K20: 29-08-2024 17:30 | L20: 7.68 | M20: 471.47 | N20: 471 | O20: 39093
A21: res-KI6SEH8K | B21: Cloud VPN | C21: 194.6074 | D21: GB | E21: southamerica-east1 | F21: 71.48 | G21: 83.84 | H21: 50023921405 | I21: 52243912598 | J21: 45480.511 | K21: 45603.082 | L21: 7.04 | M21: 1370.04 | N21: 1370 | O21: 113710
A22: res-QTQQHAC7 | B22: Pub/Sub | C22: 590.1037 | D22: Requests | E22: southamerica-east1 | F22: 55.53 | G22: 76.7 | H22: 27785646604 | I22: 34873445199 | J22: 19-08-2024 07:29 | K22: 21-08-2024 09:41 | L22: 8.18 | M22: 4827.05 | N22: 4827 | O22: 400641
A23: res-4F4ZI2VT | B23: Firestore | C23: 152.1866 | D23: Requests | E23: australia-southeast1 | F23: 78.9 | G23: 60.38 | H23: 31595229818 | I23: 32905735415 | J23: 17-07-2024 20:20 | K23: 22-07-2024 08:13 | L23: 7.5 | M23: 1141.4 | N23: 1141 | O23: 94703
A24: res-EJ3TCI72 | B24: Compute Engine | C24: 90.7333 | D24: Hours | E24: northamerica-northeast1 | F24: 22.41 | G24: 61.79 | H24: 35788463783 | I24: 41202319167 | J24: 45420.554 | K24: 45543.335 | L24: 8.75 | M24: 793.92 | N24: 794 | O24: 65902
A25: res-27V25S4F | B25: Cloud VPN | C25: 389.9843 | D25: Requests | E25: us-central1 | F25: 97.47 | G25: 35.99 | H25: 96990383791 | I25: 101187000000 | J25: 17-08-2024 01:17 | K25: 19-08-2024 18:27 | L25: 1.92 | M25: 748.77 | N25: 749 | O25: 62167
A26: res-T91EICVM | B26: Cloud Load Balancing | C26: 389.6408 | D26: GB | E26: southamerica-east1 | F26: 65.57 | G26: 42.91 | H26: 31182295135 | I26: 38901764033 | J26: 45633.387 | K26: 17-07-2024 02:28 | L26: 8.26 | M26: 3218.43 | N26: 3218 | O26: 267094
A27: res-251A50KH | B27: Cloud Armor | C27: 902.3603 | D27: GB | E27: europe-north1 | F27: 27.7 | G27: 72.18 | H27: 75263901953 | I27: 80604527913 | J27: 23-08-2024 17:18 | K27: 29-08-2024 07:02 | L27: 6.25 | M27: 5639.75 | N27: 5640 | O27: 468120
A28: res-3JSZVG7Z | B28: Cloud Spanner | C28: 355.828 | D28: GB | E28: europe-west3 | F28: 89.39 | G28: 91.02 | H28: 84041157244 | I28: 92553952311 | J28: 26-08-2024 19:31 | K28: 29-08-2024 04:27 | L28: 5.17 | M28: 1839.63 | N28: 1840 | O28: 152720
A29: res-5O0LZKYC | B29: BigQuery | C29: 477.7508 | D29: Requests | E29: europe-north1 | F29: 63.32 | G29: 46.75 | H29: 88256196324 | I29: 95036019889 | J29: 45298.827 | K29: 45389.892 | L29: 7.49 | M29: 3578.35 | N29: 3578 | O29: 296974
A30: res-PGHLRRI4 | B30: Cloud Load Balancing | C30: 31.5518 | D30: Requests | E30: northamerica-northeast1 | F30: 62.15 | G30: 16.46 | H30: 54485062086 | I30: 62813003941 | J30: 45573.712 | K30: 15-08-2024 11:52 | L30: 8.65 | M30: 272.92 | N30: 273 | O30: 22659
A31: res-E5DZLWUA | B31: Dataflow | C31: 24.5167 | D31: Hours | E31: northamerica-northeast1 | F31: 63.68 | G31: 9.91 | H31: 34927527769 | I31: 44683895186 | J31: 27-08-2024 04:52 | K31: 28-08-2024 05:23 | L31: 7.74 | M31: 189.76 | N31: 190 | O31: 15770
A32: res-A6LFJNRY | B32: Compute Engine | C32: 85.0167 | D32: Hours | E32: southamerica-east1 | F32: 67.5 | G32: 76.78 | H32: 87269231137 | I32: 92709161595 | J32: 16-08-2024 00:18 | K32: 19-08-2024 13:19 | L32: 9.97 | M32: 847.62 | N32: 848 | O32: 70384
A33: res-CWFW5Z7I | B33: Cloud Dataproc | C33: 832.1664 | D33: Requests | E33: australia-southeast1 | F33: 23.65 | G33: 80.19 | H33: 93395407276 | I33: 102343000000 | J33: 26-08-2024 16:24 | K33: 31-08-2024 13:07 | L33: 5.91 | M33: 4918.1 | N33: 4918 | O33: 408194
A34: res-UEL2KJBD | B34: Cloud VPC | C34: 298.0653 | D34: GB | E34: us-west1 | F34: 66.82 | G34: 57.94 | H34: 24527235493 | I34: 26241930001 | J34: 45329.524 | K34: 45419.678 | L34: 7.34 | M34: 2187.8 | N34: 2188 | O34: 181604
A35: res-2NWIUO2C | B35: Cloud Load Balancing | C35: 868.8778 | D35: Requests | E35: asia-east1 | F35: 72.08 | G35: 28.06 | H35: 13159648227 | I35: 16566379456 | J35: 14-07-2024 17:48 | K35: 16-07-2024 23:28 | L35: 2.33 | M35: 2024.49 | N35: 2024 | O35: 167992
A36: res-TDYG7ESV | B36: Cloud NAT | C36: 306.7861 | D36: GB | E36: europe-north1 | F36: 19.59 | G36: 95.71 | H36: 98160908124 | I36: 106232000000 | J36: 45572.969 | K36: 45633.119 | L36: 8.51 | M36: 2610.75 | N36: 2611 | O36: 216713
A37: res-66L7XN4J | B37: AI Platform | C37: 31.9333 | D37: Hours | E37: europe-west1 | F37: 5.7 | G37: 31.59 | H37: 35137713111 | I37: 43813630384 | J37: 29-07-2024 06:08 | K37: 30-07-2024 14:04 | L37: 1.05 | M37: 33.53 | N37: 34 | O37: 2822
A38: res-SG6WQFX8 | B38: Cloud Armor | C38: 715.0198 | D38: GB | E38: us-west1 | F38: 44.97 | G38: 13.16 | H38: 47790743712 | I38: 50699817640 | J38: 14-07-2024 09:21 | K38: 18-07-2024 20:13 | L38: 3.29 | M38: 2352.42 | N38: 2352 | O38: 195216
A39: res-6EL50YPV | B39: Cloud CDN | C39: 749.8858 | D39: GB | E39: europe-north1 | F39: 84.06 | G39: 47.12 | H39: 58205533146 | I39: 63495177785 | J39: 16-08-2024 20:04 | K39: 21-08-2024 12:08 | L39: 2.03 | M39: 1522.27 | N39: 1522 | O39: 126326
A40: res-ALHVTEHO | B40: Kubernetes Engine | C40: 110.3167 | D40: Hours | E40: us-east1 | F40: 49.67 | G40: 26.17 | H40: 79950895147 | I40: 87873607051 | J40: 45359.415 | K40: 45512.011 | L40: 7.61 | M40: 839.51 | N40: 840 | O40: 69720
A41: res-Y3DP4TQK | B41: Cloud Run | C41: 55.5667 | D41: Hours | E41: us-west1 | F41: 4.03 | G41: 16.21 | H41: 39972807265 | I41: 42908382034 | J41: 23-08-2024 16:13 | K41: 25-08-2024 23:47 | L41: 3.2 | M41: 177.81 | N41: 178 | O41: 14774
A42: res-XGSQU6G9 | B42: Dataflow | C42: 37.85 | D42: Hours | E42: europe-west1 | F42: 30.13 | G42: 51.99 | H42: 47432776135 | I42: 52386027380 | J42: 22-07-2024 15:15 | K42: 24-07-2024 05:06 | L42: 4.74 | M42: 179.41 | N42: 179 | O42: 14857
A43: res-JYW9QXTH | B43: Cloud Functions | C43: 25.1167 | D43: Hours | E43: europe-west3 | F43: 31.07 | G43: 40.3 | H43: 67988066933 | I43: 74171230563 | J43: 45633.987 | K43: 14-07-2024 00:48 | L43: 4.91 | M43: 123.32 | N43: 123 | O43: 10209
A44: res-M0XOPAGW | B44: Cloud Armor | C44: 222.3365 | D44: Requests | E44: australia-southeast1 | F44: 45.3 | G44: 95.77 | H44: 32935662005 | I44: 40639831707 | J44: 21-08-2024 10:30 | K44: 22-08-2024 20:06 | L44: 3.17 | M44: 704.81 | N44: 705 | O44: 58515
A45: res-HLWAGRJX | B45: Pub/Sub | C45: 565.1884 | D45: GB | E45: us-east1 | F45: 5.46 | G45: 98.89 | H45: 87565187937 | I45: 92048056617 | J45: 45330.036 | K45: 45359.692 | L45: 7.16 | M45: 4046.75 | N45: 4047 | O45: 335901
A46: res-TH2HV714 | B46: Firestore | C46: 668.343 | D46: GB | E46: europe-west3 | F46: 57.12 | G46: 76.38 | H46: 36394756934 | I46: 46156760944 | J46: 45299.144 | K46: 45451.108 | L46: 8.9 | M46: 5948.25 | N46: 5948 | O46: 493684
A47: res-NGNWFF0O | B47: Pub/Sub | C47: 502.7493 | D47: Requests | E47: asia-northeast1 | F47: 62.01 | G47: 51.31 | H47: 70657848518 | I47: 77304088526 | J47: 21-07-2024 11:28 | K47: 22-07-2024 15:42 | L47: 2.24 | M47: 1126.16 | N47: 1126 | O47: 93458
A48: res-UB3MG63E | B48: Cloud NAT | C48: 144.2559 | D48: Requests | E48: us-west1 | F48: 99.71 | G48: 0.93 | H48: 91717311680 | I48: 95042899077 | J48: 45389.056 | K48: 45511.42 | L48: 4.99 | M48: 719.84 | N48: 720 | O48: 59760
A49: res-P0IB37XB | B49: Cloud Spanner | C49: 67.2368 | D49: Requests | E49: asia-southeast1 | F49: 95.28 | G49: 57.91 | H49: 89003991655 | I49: 96601656791 | J49: 45633.897 | K49: 14-07-2024 20:22 | L49: 2.63 | M49: 176.83 | N49: 177 | O49: 14691
A50: res-8DMDOAEB | B50: Cloud Load Balancing | C50: 992.0661 | D50: GB | E50: southamerica-east1 | F50: 59.72 | G50: 17.93 | H50: 49573513144 | I50: 57377379156 | J50: 45329.672 | K50: 45389.074 | L50: 4.63 | M50: 4593.27 | N50: 4593 | O50: 381219
A51: res-ZWIM5IQO | B51: Cloud Load Balancing | C51: 992.7546 | D51: GB | E51: southamerica-east1 | F51: 7.86 | G51: 24.27 | H51: 35775812684 | I51: 37743737345 | J51: 13-08-2024 08:40 | K51: 16-08-2024 16:17 | L51: 2.32 | M51: 2303.19 | N51: 2303 | O51: 191149
A52: res-ND973JKK | B52: Cloud SQL | C52: 760.0749 | D52: Requests | E52: us-east1 | F52: 98.05 | G52: 41.43 | H52: 46082827894 | I52: 47296152299 | J52: 45633.239 | K52: 17-07-2024 01:48 | L52: 6.96 | M52: 5290.12 | N52: 5290 | O52: 439070
A53: res-RMU6GKFR | B53: Cloud Memorystore | C53: 657.0231 | D53: GB | E53: asia-east1 | F53: 30.7 | G53: 10.91 | H53: 19271396797 | I53: 27245078419 | J53: 14-08-2024 10:27 | K53: 20-08-2024 03:38 | L53: 3.76 | M53: 2470.41 | N53: 2470 | O53: 205010
A54: res-4DS5ZYPH | B54: Cloud Run | C54: 32.4667 | D54: Hours | E54: us-central1 | F54: 19.26 | G54: 8.78 | H54: 49466363040 | I54: 55999156322 | J54: 45634.694 | K54: 14-08-2024 01:08 | L54: 4.48 | M54: 145.45 | N54: 145 | O54: 12035
A55: res-5K3QHZV3 | B55: Cloud Functions | C55: 65.3167 | D55: Hours | E55: asia-southeast1 | F55: 68.32 | G55: 2.37 | H55: 32960902132 | I55: 42041161989 | J55: 45480.037 | K55: 45542.758 | L55: 6.64 | M55: 433.7 | N55: 434 | O55: 36022
A56: res-N3JA77XL | B56: Compute Engine | C56: 90.6 | D56: Hours | E56: asia-northeast1 | F56: 76.61 | G56: 96.05 | H56: 74434872643 | I56: 84307604798 | J56: 25-07-2024 07:31 | K56: 29-07-2024 02:07 | L56: 2.1 | M56: 190.26 | N56: 190 | O56: 15770
A57: res-SSBP7G7A | B57: BigQuery | C57: 742.5462 | D57: GB | E57: asia-east1 | F57: 29.67 | G57: 96.85 | H57: 40121800532 | I57: 45367120844 | J57: 14-08-2024 03:09 | K57: 19-08-2024 14:12 | L57: 2.15 | M57: 1596.47 | N57: 1596 | O57: 132468
A58: res-8EKE64Y9 | B58: Cloud Spanner | C58: 961.1396 | D58: Requests | E58: us-central1 | F58: 55.96 | G58: 8.8 | H58: 13441390615 | I58: 15127259133 | J58: 45419.645 | K58: 45603.317 | L58: 8.81 | M58: 8467.64 | N58: 8468 | O58: 702844
A59: res-5JQE0V7N | B59: Container Registry | C59: 227.7202 | D59: GB | E59: us-west1 | F59: 54.59 | G59: 42.02 | H59: 79528411554 | I59: 87175086484 | J59: 45450.037 | K59: 45511.097 | L59: 8.03 | M59: 1828.59 | N59: 1829 | O59: 151807
A60: res-IGDCS3TU | B60: Cloud Load Balancing | C60: 960.8627 | D60: GB | E60: europe-north1 | F60: 15.27 | G60: 94.05 | H60: 93545537622 | I60: 98590543085 | J60: 45390.099 | K60: 45451.953 | L60: 1.81 | M60: 1739.16 | N60: 1739 | O60: 144337
A61: res-UPEK7TGF | B61: Cloud Armor | C61: 339.41 | D61: Requests | E61: europe-west3 | F61: 88.22 | G61: 64.11 | H61: 90527835813 | I61: 92142710021 | J61: 45358.535 | K61: 45542.518 | L61: 4.35 | M61: 1476.43 | N61: 1476 | O61: 122508
A62: res-Q31L0E0M | B62: Cloud Interconnect | C62: 132.8637 | D62: Requests | E62: us-central1 | F62: 68.3 | G62: 65.19 | H62: 67918645337 | I62: 73433835245 | J62: 45511.312 | K62: 45542.888 | L62: 1.39 | M62: 184.68 | N62: 185 | O62: 15355
A63: res-3DE1XB74 | B63: Cloud SQL | C63: 102.9044 | D63: GB | E63: asia-northeast1 | F63: 91.67 | G63: 72.89 | H63: 95888780202 | I63: 105066000000 | J63: 31-07-2024 02:06 | K63: 45390.211 | L63: 3.33 | M63: 342.67 | N63: 343 | O63: 28469
A64: res-WRHTSLS8 | B64: Cloud Endpoints | C64: 271.0462 | D64: GB | E64: europe-west1 | F64: 74.75 | G64: 64.91 | H64: 44584192276 | I64: 47193477596 | J64: 15-08-2024 16:59 | K64: 21-08-2024 03:45 | L64: 4.93 | M64: 1336.26 | N64: 1336 | O64: 110888
A65: res-YAJ9RWIJ | B65: Cloud Memorystore | C65: 940.1312 | D65: Requests | E65: us-east1 | F65: 67.13 | G65: 85.12 | H65: 36054564196 | I65: 37215668282 | J65: 19-07-2024 10:32 | K65: 24-07-2024 08:12 | L65: 7.7 | M65: 7239.01 | N65: 7239 | O65: 600837
A66: res-J1A4NFH8 | B66: Cloud VPN | C66: 789.3788 | D66: GB | E66: us-east1 | F66: 32.32 | G66: 14.03 | H66: 97102223452 | I66: 103176000000 | J66: 45359.965 | K66: 45420.735 | L66: 6.17 | M66: 4870.47 | N66: 4870 | O66: 404210
A67: res-EALEFOKP | B67: Compute Engine | C67: 64.1167 | D67: Hours | E67: us-west1 | F67: 46.3 | G67: 93.62 | H67: 66523795050 | I67: 68069673690 | J67: 19-07-2024 23:26 | K67: 22-07-2024 15:33 | L67: 2.07 | M67: 132.72 | N67: 133 | O67: 11039
A68: res-WN4BM9FD | B68: BigQuery | C68: 804.4451 | D68: Requests | E68: australia-southeast1 | F68: 99.56 | G68: 53.42 | H68: 50602995142 | I68: 59486535960 | J68: 45419.051 | K68: 45450.298 | L68: 6.8 | M68: 5470.23 | N68: 5470 | O68: 454010
A69: res-TATL6NKT | B69: Cloud NAT | C69: 16.8701 | D69: Requests | E69: asia-southeast1 | F69: 35.67 | G69: 78.98 | H69: 84728951352 | I69: 86143096111 | J69: 28-07-2024 19:53 | K69: 45359.372 | L69: 9.35 | M69: 157.74 | N69: 158 | O69: 13114
A70: res-OJK06WNM | B70: Container Registry | C70: 86.0206 | D70: Requests | E70: europe-west3 | F70: 0.17 | G70: 34.07 | H70: 4991176366 | I70: 8627486927 | J70: 24-08-2024 15:41 | K70: 28-08-2024 22:58 | L70: 8.54 | M70: 734.62 | N70: 735 | O70: 61005
A71: res-ASTO68FD | B71: Cloud Dataproc | C71: 107.9329 | D71: Requests | E71: southamerica-east1 | F71: 97.14 | G71: 54.14 | H71: 91345077372 | I71: 95871025046 | J71: 45450.471 | K71: 45633.086 | L71: 4.22 | M71: 455.48 | N71: 455 | O71: 37765
A72: res-F3P3S9SJ | B72: Cloud Armor | C72: 410.0347 | D72: Requests | E72: europe-north1 | F72: 24.22 | G72: 20.83 | H72: 69278146151 | I72: 72893012474 | J72: 45480.708 | K72: 45633.307 | L72: 5.01 | M72: 2054.27 | N72: 2054 | O72: 170482
A73: res-R96K0UAA | B73: Dataflow | C73: 58.0667 | D73: Hours | E73: southamerica-east1 | F73: 21.65 | G73: 16.41 | H73: 6419077674 | I73: 12557263383 | J73: 14-08-2024 14:50 | K73: 17-08-2024 00:54 | L73: 3.48 | M73: 202.07 | N73: 202 | O73: 16766
A74: res-UF72S2ZA | B74: Cloud Build | C74: 868.3373 | D74: GB | E74: us-central1 | F74: 48.26 | G74: 26.13 | H74: 86582029073 | I74: 91881245355 | J74: 17-08-2024 12:09 | K74: 22-08-2024 03:54 | L74: 8.91 | M74: 7736.89 | N74: 7737 | O74: 642171
A75: res-SPITPRK0 | B75: Compute Engine | C75: 103.5667 | D75: Hours | E75: us-central1 | F75: 64.54 | G75: 62.33 | H75: 76959968688 | I75: 84668376889 | J75: 45330.997 | K75: 45481.312 | L75: 4.88 | M75: 505.41 | N75: 505 | O75: 41915
A76: res-KENC5DI4 | B76: Cloud Interconnect | C76: 511.4297 | D76: GB | E76: europe-north1 | F76: 14.87 | G76: 73.22 | H76: 60637102983 | I76: 68397913897 | J76: 19-07-2024 06:35 | K76: 21-07-2024 00:30 | L76: 2 | M76: 1022.86 | N76: 1023 | O76: 84909
A77: res-N4DACW72 | B77: Cloud CDN | C77: 536.385 | D77: GB | E77: asia-southeast1 | F77: 58.59 | G77: 56.39 | H77: 11254718888 | I77: 15903336432 | J77: 28-08-2024 23:54 | K77: 45331.973 | L77: 1.37 | M77: 734.85 | N77: 735 | O77: 61005
A78: res-UMDNFSOR | B78: AI Platform | C78: 50.7833 | D78: Hours | E78: us-central1 | F78: 62.22 | G78: 76.15 | H78: 20012839291 | I78: 24993496937 | J78: 13-08-2024 19:31 | K78: 15-08-2024 22:18 | L78: 3.31 | M78: 168.09 | N78: 168 | O78: 13944
A79: res-PAQEKYLT | B79: Container Registry | C79: 755.6246 | D79: GB | E79: europe-west1 | F79: 40.49 | G79: 63.72 | H79: 94863560207 | I79: 102431000000 | J79: 45572.013 | K79: 13-07-2024 06:46 | L79: 7.33 | M79: 5538.73 | N79: 5539 | O79: 459737
A80: res-7WNF8X7W | B80: Cloud VPC | C80: 500.0325 | D80: Requests | E80: asia-east1 | F80: 8.38 | G80: 45.3 | H80: 39575109900 | I80: 48363862744 | J80: 16-07-2024 05:09 | K80: 20-07-2024 09:14 | L80: 2.46 | M80: 1230.08 | N80: 1230 | O80: 102090
A81: res-183YWOLN | B81: Cloud Armor | C81: 647.2573 | D81: Requests | E81: europe-west1 | F81: 83.58 | G81: 21.8 | H81: 69192548519 | I81: 74267252272 | J81: 25-07-2024 07:07 | K81: 28-07-2024 22:08 | L81: 5.94 | M81: 3844.71 | N81: 3845 | O81: 319135
A82: res-QZSVFSSA | B82: Cloud Spanner | C82: 325.0195 | D82: Requests | E82: southamerica-east1 | F82: 7.74 | G82: 32.63 | H82: 4134917123 | I82: 11405712912 | J82: 45359.697 | K82: 45512.919 | L82: 9.87 | M82: 3207.94 | N82: 3208 | O82: 266264
A83: res-ACEAM0OK | B83: Cloud Dataproc | C83: 876.9623 | D83: Requests | E83: australia-southeast1 | F83: 69.75 | G83: 67.91 | H83: 48325139711 | I83: 48893087132 | J83: 45450.69 | K83: 45542.398 | L83: 9.61 | M83: 8427.61 | N83: 8428 | O83: 699524
A84: res-S463U44F | B84: Cloud Memorystore | C84: 324.1135 | D84: GB | E84: europe-west1 | F84: 53.21 | G84: 24.7 | H84: 56424730118 | I84: 64549627602 | J84: 19-07-2024 12:19 | K84: 23-07-2024 02:49 | L84: 9.12 | M84: 2955.92 | N84: 2956 | O84: 245348
A85: res-1MJM7FDN | B85: Cloud CDN | C85: 269.1385 | D85: GB | E85: europe-west3 | F85: 0.15 | G85: 73.37 | H85: 89921435525 | I85: 96947138575 | J85: 20-07-2024 17:12 | K85: 23-07-2024 00:45 | L85: 4.86 | M85: 1308.01 | N85: 1308 | O85: 108564
A86: res-5ZMFEUSN | B86: Cloud VPN | C86: 955.6515 | D86: GB | E86: southamerica-east1 | F86: 17.81 | G86: 79.33 | H86: 19838594075 | I86: 19871372484 | J86: 27-07-2024 19:28 | K86: 29-07-2024 13:39 | L86: 2.79 | M86: 2666.27 | N86: 2666 | O86: 221278
A87: res-0XZC95XI | B87: Cloud Interconnect | C87: 251.7631 | D87: GB | E87: us-east1 | F87: 48.02 | G87: 36.94 | H87: 17720150775 | I87: 21629763823 | J87: 45480.585 | K87: 45603.465 | L87: 5.91 | M87: 1487.92 | N87: 1488 | O87: 123504
A88: res-UYX9HR56 | B88: Cloud Build | C88: 474.1196 | D88: GB | E88: us-east1 | F88: 99.31 | G88: 49.17 | H88: 23586761723 | I88: 23997356455 | J88: 17-08-2024 14:56 | K88: 21-08-2024 09:03 | L88: 9.93 | M88: 4708.01 | N88: 4708 | O88: 390764
A89: res-DJA0J2HT | B89: Container Registry | C89: 992.5085 | D89: Requests | E89: us-east1 | F89: 43.51 | G89: 62 | H89: 19452817894 | I89: 20430806523 | J89: 45634.205 | K89: 14-08-2024 20:36 | L89: 7.17 | M89: 7116.29 | N89: 7116 | O89: 590628
A90: res-YFTXHZ6V | B90: Cloud VPC | C90: 531.6863 | D90: GB | E90: us-west1 | F90: 53.93 | G90: 12.52 | H90: 3696418486 | I90: 12776658300 | J90: 45329.782 | K90: 45480.102 | L90: 9.6 | M90: 5104.19 | N90: 5104 | O90: 423632
A91: res-IF612JJD | B91: Cloud Run | C91: 26.6167 | D91: Hours | E91: us-east1 | F91: 14.82 | G91: 44.84 | H91: 88644466509 | I91: 88993172945 | J91: 45512.206 | K91: 45543.315 | L91: 6.88 | M91: 183.12 | N91: 183 | O91: 15189
A92: res-P48QXSH3 | B92: Cloud Build | C92: 555.9826 | D92: Requests | E92: southamerica-east1 | F92: 2.24 | G92: 9.65 | H92: 30995393336 | I92: 34105264509 | J92: 15-08-2024 10:39 | K92: 17-08-2024 14:38 | L92: 4.35 | M92: 2418.52 | N92: 2419 | O92: 200777
A93: res-DMQNKYQI | B93: Container Registry | C93: 335.4807 | D93: GB | E93: europe-west3 | F93: 74.51 | G93: 0.51 | H93: 43819259319 | I93: 45650656604 | J93: 24-07-2024 08:29 | K93: 30-07-2024 01:45 | L93: 9.23 | M93: 3096.49 | N93: 3096 | O93: 256968
A94: res-W17TJLS5 | B94: Cloud SQL | C94: 906.43 | D94: Requests | E94: northamerica-northeast1 | F94: 97.03 | G94: 1.48 | H94: 16632427891 | I94: 17804809971 | J94: 45542.39 | K94: 14-07-2024 02:52 | L94: 3.33 | M94: 3018.41 | N94: 3018 | O94: 250494
A95: res-Y743O1KJ | B95: Cloud Endpoints | C95: 385.5739 | D95: Requests | E95: northamerica-northeast1 | F95: 69.4 | G95: 27.67 | H95: 62397005339 | I95: 72290287263 | J95: 21-08-2024 22:16 | K95: 26-08-2024 10:28 | L95: 4.56 | M95: 1758.22 | N95: 1758 | O95: 145914
A96: res-UOBIS97Y | B96: Cloud Run | C96: 127.3833 | D96: Hours | E96: asia-northeast1 | F96: 9.36 | G96: 66.82 | H96: 11088197445 | I96: 17528929285 | J96: 45573.722 | K96: 16-08-2024 00:43 | L96: 9.75 | M96: 1241.99 | N96: 1242 | O96: 103086
A97: res-IPSRXLS0 | B97: Cloud Spanner | C97: 587.1242 | D97: GB | E97: europe-west1 | F97: 24.73 | G97: 11.63 | H97: 38218995247 | I97: 46836316447 | J97: 45329.04 | K97: 45450.051 | L97: 6.25 | M97: 3669.53 | N97: 3670 | O97: 304610
A98: res-028HLTIJ | B98: Cloud NAT | C98: 385.5698 | D98: Requests | E98: europe-west1 | F98: 92.06 | G98: 55.33 | H98: 28186130091 | I98: 36292243677 | J98: 21-08-2024 17:41 | K98: 24-08-2024 15:19 | L98: 7.44 | M98: 2868.64 | N98: 2869 | O98: 238127
A99: res-NOJL21YR | B99: Cloud Functions | C99: 85.8 | D99: Hours | E99: asia-east1 | F99: 56.82 | G99: 65.99 | H99: 33548048805 | I99: 36196607093 | J99: 30-06-2024 18:47 | K99: 45389.358 | L99: 2.15 | M99: 184.47 | N99: 184 | O99: 15272
A100: res-IPXAPWCU | B100: Cloud Run | C100: 135.0333 | D100: Hours | E100: southamerica-east1 | F100: 88.6 | G100: 1.48 | H100: 15437392711 | I100: 18692105460 | J100: 45634.938 | K100: 18-08-2024 13:32 | L100: 2.27 | M100: 306.53 | N100: 307 | O100: 25481
...

Sheet Cleaned_Data
A1: {=Raw_Data!A:O} -> Resource ID | B1: Service Name | C1: Usage Quantity | D1: Usage Unit | E1: Region/Zone | F1: CPU Utilization (%) | G1: Memory Utilization (%) | H1: Network Inbound Data (Bytes) | I1: Network Outbound Data (Bytes) | J1: Usage Start Date | K1: Usage End Date | L1: Cost per Quantity ($) | M1: Unrounded Cost ($) | N1: Rounded Cost ($) | O1: Total Cost (INR) | P1: Duration Hours | Q1: CPU Status | R1: Memory Status | S1: Network Total (GB) | T1: Cost Tier | U1: Efficiency Score
A2: res-ST6BAJ2N | B2: Cloud Dataproc | C2: 954.9843 | D2: Requests | E2: europe-north1 | F2: 92.72 | G2: 70.42 | H2: 77097035547 | I2: 82685933273 | J2: 45299.933 | K2: 45481.287 | L2: 5.24 | M2: 5004.12 | N2: 5004 | O2: 415332 | P2: =((DATE(MID(K2,7,4),MID(K2,4,2),LEFT(K2,2))+TIMEVALUE(RIGHT(K2,LEN(K2)-11)))-(DATE(MID(J2,7,4),MID(J2,4,2),LEFT(J2,2))+TIMEVALUE(RIGHT(J2,LEN(J2)-11))))*24 -> 128.5 | Q2: =IF(F2<30,"Underutilized",IF(F2<70,"Normal","High")) -> High | R2: =IF(G2<40,"Underutilized",IF(G2<75,"Normal","High")) -> Normal | S2: =(H2+I2)/1073741824 -> 148.80949 | T2: =IF(O2>AVERAGE($O$2:$O$500),"High Cost","Normal Cost") -> High Cost | U2: =((F2+G2)/2)/(O2/100) -> 0.01963971
A3: res-TYGNR0RV | B3: Pub/Sub | C3: 479.6348 | D3: GB | E3: europe-west1 | F3: 37.78 | G3: 46.8 | H3: 8239357017 | I3: 11351490561 | J3: 23-08-2024 09:18 | K3: 25-08-2024 07:26 | L3: 9.82 | M3: 4710.01 | N3: 4710 | O3: 390930 | P3: =((DATE(MID(K3,7,4),MID(K3,4,2),LEFT(K3,2))+TIMEVALUE(RIGHT(K3,LEN(K3)-11)))-(DATE(MID(J3,7,4),MID(J3,4,2),LEFT(J3,2))+TIMEVALUE(RIGHT(J3,LEN(J3)-11))))*24 -> 46.133333 | Q3: =IF(F3<30,"Underutilized",IF(F3<70,"Normal","High")) -> Normal | R3: =IF(G3<40,"Underutilized",IF(G3<75,"Normal","High")) -> Normal | S3: =(H3+I3)/1073741824 -> 18.245399 | T3: =IF(O3>AVERAGE($O$2:$O$500),"High Cost","Normal Cost") -> High Cost | U3: =((F3+G3)/2)/(O3/100) -> 0.010817793
A4: res-S3I9C869 | B4: BigQuery | C4: 114.4129 | D4: GB | E4: southamerica-east1 | F4: 82.54 | G4: 59.47 | H4: 23358691883 | I4: 23450812120 | J4: 18-07-2024 11:13 | K4: 22-07-2024 00:45 | L4: 7.37 | M4: 843.22 | N4: 843 | O4: 69969 | P4: =((DATE(MID(K4,7,4),MID(K4,4,2),LEFT(K4,2))+TIMEVALUE(RIGHT(K4,LEN(K4)-11)))-(DATE(MID(J4,7,4),MID(J4,4,2),LEFT(J4,2))+TIMEVALUE(RIGHT(J4,LEN(J4)-11))))*24 -> 85.533333 | Q4: =IF(F4<30,"Underutilized",IF(F4<70,"Normal","High")) -> High | R4: =IF(G4<40,"Underutilized",IF(G4<75,"Normal","High")) -> Normal | S4: =(H4+I4)/1073741824 -> 43.594748 | T4: =IF(O4>AVERAGE($O$2:$O$500),"High Cost","Normal Cost") -> Normal Cost | U4: =((F4+G4)/2)/(O4/100) -> 0.10148066
A5: res-1RY9BZ6G | B5: Cloud Endpoints | C5: 413.193 | D5: GB | E5: us-central1 | F5: 86.68 | G5: 97.63 | H5: 53404385778 | I5: 60780194484 | J5: 20-07-2024 00:15 | K5: 21-07-2024 10:16 | L5: 4.41 | M5: 1822.18 | N5: 1822 | O5: 151226 | P5: =((DATE(MID(K5,7,4),MID(K5,4,2),LEFT(K5,2))+TIMEVALUE(RIGHT(K5,LEN(K5)-11)))-(DATE(MID(J5,7,4),MID(J5,4,2),LEFT(J5,2))+TIMEVALUE(RIGHT(J5,LEN(J5)-11))))*24 -> 34.016667 | Q5: =IF(F5<30,"Underutilized",IF(F5<70,"Normal","High")) -> High | R5: =IF(G5<40,"Underutilized",IF(G5<75,"Normal","High")) -> High | S5: =(H5+I5)/1073741824 -> 106.34268 | T5: =IF(O5>AVERAGE($O$2:$O$500),"High Cost","Normal Cost") -> Normal Cost | U5: =((F5+G5)/2)/(O5/100) -> 0.060938595
A6: res-S3HQYIZ2 | B6: Cloud Spanner | C6: 335.9892 | D6: GB | E6: asia-southeast1 | F6: 82.95 | G6: 21.58 | H6: 10795270461 | I6: 14161382061 | J6: 21-08-2024 21:25 | K6: 25-08-2024 00:21 | L6: 6.09 | M6: 2046.17 | N6: 2046 | O6: 169818 | P6: =((DATE(MID(K6,7,4),MID(K6,4,2),LEFT(K6,2))+TIMEVALUE(RIGHT(K6,LEN(K6)-11)))-(DATE(MID(J6,7,4),MID(J6,4,2),LEFT(J6,2))+TIMEVALUE(RIGHT(J6,LEN(J6)-11))))*24 -> 74.933333 | Q6: =IF(F6<30,"Underutilized",IF(F6<70,"Normal","High")) -> High | R6: =IF(G6<40,"Underutilized",IF(G6<75,"Normal","High")) -> Underutilized | S6: =(H6+I6)/1073741824 -> 23.242694 | T6: =IF(O6>AVERAGE($O$2:$O$500),"High Cost","Normal Cost") -> Normal Cost | U6: =((F6+G6)/2)/(O6/100) -> 0.030777067
A7: res-MWGCR6VT | B7: Cloud Run | C7: 50.8 | D7: Hours | E7: europe-north1 | F7: 32.36 | G7: 95.15 | H7: 67970493743 | I7: 70311789173 | J7: 18-07-2024 03:07 | K7: 20-07-2024 05:55 | L7: 8.8 | M7: 447.04 | N7: 447 | O7: 37101 | P7: =((DATE(MID(K7,7,4),MID(K7,4,2),LEFT(K7,2))+TIMEVALUE(RIGHT(K7,LEN(K7)-11)))-(DATE(MID(J7,7,4),MID(J7,4,2),LEFT(J7,2))+TIMEVALUE(RIGHT(J7,LEN(J7)-11))))*24 -> 50.8 | Q7: =IF(F7<30,"Underutilized",IF(F7<70,"Normal","High")) -> Normal | R7: =IF(G7<40,"Underutilized",IF(G7<75,"Normal","High")) -> High | S7: =(H7+I7)/1073741824 -> 128.78541 | T7: =IF(O7>AVERAGE($O$2:$O$500),"High Cost","Normal Cost") -> Normal Cost | U7: =((F7+G7)/2)/(O7/100) -> 0.17184173
A8: res-FSWKHTQW | B8: Cloud CDN | C8: 333.6126 | D8: Requests | E8: europe-west1 | F8: 12.21 | G8: 62.31 | H8: 27515142149 | I8: 27664449839 | J8: 23-08-2024 11:39 | K8: 25-08-2024 11:08 | L8: 5.84 | M8: 1948.3 | N8: 1948 | O8: 161684 | P8: =((DATE(MID(K8,7,4),MID(K8,4,2),LEFT(K8,2))+TIMEVALUE(RIGHT(K8,LEN(K8)-11)))-(DATE(MID(J8,7,4),MID(J8,4,2),LEFT(J8,2))+TIMEVALUE(RIGHT(J8,LEN(J8)-11))))*24 -> 47.483333 | Q8: =IF(F8<30,"Underutilized",IF(F8<70,"Normal","High")) -> Underutilized | R8: =IF(G8<40,"Underutilized",IF(G8<75,"Normal","High")) -> Normal | S8: =(H8+I8)/1073741824 -> 51.39 | T8: =IF(O8>AVERAGE($O$2:$O$500),"High Cost","Normal Cost") -> Normal Cost | U8: =((F8+G8)/2)/(O8/100) -> 0.023044952
A9: res-S7I6Z6JD | B9: Cloud Run | C9: 49.5833 | D9: Hours | E9: asia-southeast1 | F9: 59.18 | G9: 6.07 | H9: 69079125950 | I9: 78552821117 | J9: 20-08-2024 13:23 | K9: 22-08-2024 14:58 | L9: 4.84 | M9: 239.98 | N9: 240 | O9: 19920 | P9: =((DATE(MID(K9,7,4),MID(K9,4,2),LEFT(K9,2))+TIMEVALUE(RIGHT(K9,LEN(K9)-11)))-(DATE(MID(J9,7,4),MID(J9,4,2),LEFT(J9,2))+TIMEVALUE(RIGHT(J9,LEN(J9)-11))))*24 -> 49.583333 | Q9: =IF(F9<30,"Underutilized",IF(F9<70,"Normal","High")) -> Normal | R9: =IF(G9<40,"Underutilized",IF(G9<75,"Normal","High")) -> Underutilized | S9: =(H9+I9)/1073741824 -> 137.49296 | T9: =IF(O9>AVERAGE($O$2:$O$500),"High Cost","Normal Cost") -> Normal Cost | U9: =((F9+G9)/2)/(O9/100) -> 0.16378012
A10: res-U3CCWT2L | B10: Cloud VPN | C10: 384.7979 | D10: Requests | E10: northamerica-northeast1 | F10: 36.67 | G10: 9.41 | H10: 14639390405 | I10: 20917834831 | J10: 45511.816 | K10: 14-07-2024 04:02 | L10: 1.98 | M10: 761.9 | N10: 762 | O10: 63246 | P10: =((DATE(MID(K10,7,4),MID(K10,4,2),LEFT(K10,2))+TIMEVALUE(RIGHT(K10,LEN(K10)-11)))-(DATE(MID(J10,7,4),MID(J10,4,2),LEFT(J10,2))+TIMEVALUE(RIGHT(J10,LEN(J10)-11))))*24 -> 128.45 | Q10: =IF(F10<30,"Underutilized",IF(F10<70,"Normal","High")) -> Normal | R10: =IF(G10<40,"Underutilized",IF(G10<75,"Normal","High")) -> Underutilized | S10: =(H10+I10)/1073741824 -> 33.115247 | T10: =IF(O10>AVERAGE($O$2:$O$500),"High Cost","Normal Cost") -> Normal Cost | U10: =((F10+G10)/2)/(O10/100) -> 0.036429181
A11: res-4DX4UZEY | B11: Firestore | C11: 533.6245 | D11: Requests | E11: australia-southeast1 | F11: 96.4 | G11: 52.4 | H11: 72632018521 | I11: 72843203438 | J11: 45419.392 | K11: 45572.893 | L11: 5.08 | M11: 2710.81 | N11: 2711 | O11: 225013 | P11: =((DATE(MID(K11,7,4),MID(K11,4,2),LEFT(K11,2))+TIMEVALUE(RIGHT(K11,LEN(K11)-11)))-(DATE(MID(J11,7,4),MID(J11,4,2),LEFT(J11,2))+TIMEVALUE(RIGHT(J11,LEN(J11)-11))))*24 -> 132.01667 | Q11: =IF(F11<30,"Underutilized",IF(F11<70,"Normal","High")) -> High | R11: =IF(G11<40,"Underutilized",IF(G11<75,"Normal","High")) -> Normal | S11: =(H11+I11)/1073741824 -> 135.48436 | T11: =IF(O11>AVERAGE($O$2:$O$500),"High Cost","Normal Cost") -> High Cost | U11: =((F11+G11)/2)/(O11/100) -> 0.033064756
A12: res-JAL9EY6P | B12: Compute Engine | C12: 78.7 | D12: Hours | E12: europe-west1 | F12: 68.28 | G12: 26.56 | H12: 60327278928 | I12: 66769681245 | J12: 45542.606 | K12: 45633.885 | L12: 4.89 | M12: 384.84 | N12: 385 | O12: 31955 | P12: =((DATE(MID(K12,7,4),MID(K12,4,2),LEFT(K12,2))+TIMEVALUE(RIGHT(K12,LEN(K12)-11)))-(DATE(MID(J12,7,4),MID(J12,4,2),LEFT(J12,2))+TIMEVALUE(RIGHT(J12,LEN(J12)-11))))*24 -> 78.7 | Q12: =IF(F12<30,"Underutilized",IF(F12<70,"Normal","High")) -> Normal | R12: =IF(G12<40,"Underutilized",IF(G12<75,"Normal","High")) -> Underutilized | S12: =(H12+I12)/1073741824 -> 118.36827 | T12: =IF(O12>AVERAGE($O$2:$O$500),"High Cost","Normal Cost") -> Normal Cost | U12: =((F12+G12)/2)/(O12/100) -> 0.14839618
A13: res-B4GZM2Q6 | B13: AI Platform | C13: 86.6333 | D13: Hours | E13: europe-west1 | F13: 12.91 | G13: 5.41 | H13: 92616000746 | I13: 99059500361 | J13: 14-08-2024 09:47 | K13: 18-08-2024 00:25 | L13: 9.23 | M13: 799.63 | N13: 800 | O13: 66400 | P13: =((DATE(MID(K13,7,4),MID(K13,4,2),LEFT(K13,2))+TIMEVALUE(RIGHT(K13,LEN(K13)-11)))-(DATE(MID(J13,7,4),MID(J13,4,2),LEFT(J13,2))+TIMEVALUE(RIGHT(J13,LEN(J13)-11))))*24 -> 86.633333 | Q13: =IF(F13<30,"Underutilized",IF(F13<70,"Normal","High")) -> Underutilized | R13: =IF(G13<40,"Underutilized",IF(G13<75,"Normal","High")) -> Underutilized | S13: =(H13+I13)/1073741824 -> 178.51172 | T13: =IF(O13>AVERAGE($O$2:$O$500),"High Cost","Normal Cost") -> Normal Cost | U13: =((F13+G13)/2)/(O13/100) -> 0.013795181
A14: res-012HZFAA | B14: Cloud Interconnect | C14: 290.0492 | D14: Requests | E14: us-central1 | F14: 53.93 | G14: 14.51 | H14: 15213923507 | I14: 19106889929 | J14: 19-07-2024 19:26 | K14: 22-07-2024 13:56 | L14: 4.09 | M14: 1186.3 | N14: 1186 | O14: 98438 | P14: =((DATE(MID(K14,7,4),MID(K14,4,2),LEFT(K14,2))+TIMEVALUE(RIGHT(K14,LEN(K14)-11)))-(DATE(MID(J14,7,4),MID(J14,4,2),LEFT(J14,2))+TIMEVALUE(RIGHT(J14,LEN(J14)-11))))*24 -> 66.5 | Q14: =IF(F14<30,"Underutilized",IF(F14<70,"Normal","High")) -> Normal | R14: =IF(G14<40,"Underutilized",IF(G14<75,"Normal","High")) -> Underutilized | S14: =(H14+I14)/1073741824 -> 31.963748 | T14: =IF(O14>AVERAGE($O$2:$O$500),"High Cost","Normal Cost") -> Normal Cost | U14: =((F14+G14)/2)/(O14/100) -> 0.034762998
A15: res-ELZMGAPV | B15: Pub/Sub | C15: 96.9514 | D15: Requests | E15: asia-east1 | F15: 73.72 | G15: 1.94 | H15: 47714907583 | I15: 55324053975 | J15: 18-07-2024 12:56 | K15: 20-07-2024 21:28 | L15: 3.15 | M15: 305.4 | N15: 305 | O15: 25315 | P15: =((DATE(MID(K15,7,4),MID(K15,4,2),LEFT(K15,2))+TIMEVALUE(RIGHT(K15,LEN(K15)-11)))-(DATE(MID(J15,7,4),MID(J15,4,2),LEFT(J15,2))+TIMEVALUE(RIGHT(J15,LEN(J15)-11))))*24 -> 56.533333 | Q15: =IF(F15<30,"Underutilized",IF(F15<70,"Normal","High")) -> High | R15: =IF(G15<40,"Underutilized",IF(G15<75,"Normal","High")) -> Underutilized | S15: =(H15+I15)/1073741824 -> 95.962511 | T15: =IF(O15>AVERAGE($O$2:$O$500),"High Cost","Normal Cost") -> Normal Cost | U15: =((F15+G15)/2)/(O15/100) -> 0.14943709
A16: res-XACLYR7O | B16: Cloud CDN | C16: 657.3878 | D16: Requests | E16: us-east1 | F16: 43.57 | G16: 32.42 | H16: 64719533732 | I16: 74457276259 | J16: 45358.985 | K16: 45511.274 | L16: 3.28 | M16: 2156.23 | N16: 2156 | O16: 178948 | P16: =((DATE(MID(K16,7,4),MID(K16,4,2),LEFT(K16,2))+TIMEVALUE(RIGHT(K16,LEN(K16)-11)))-(DATE(MID(J16,7,4),MID(J16,4,2),LEFT(J16,2))+TIMEVALUE(RIGHT(J16,LEN(J16)-11))))*24 -> 102.93333 | Q16: =IF(F16<30,"Underutilized",IF(F16<70,"Normal","High")) -> Normal | R16: =IF(G16<40,"Underutilized",IF(G16<75,"Normal","High")) -> Underutilized | S16: =(H16+I16)/1073741824 -> 129.6185 | T16: =IF(O16>AVERAGE($O$2:$O$500),"High Cost","Normal Cost") -> High Cost | U16: =((F16+G16)/2)/(O16/100) -> 0.021232425
A17: res-O0Y1GSUY | B17: AI Platform | C17: 98.3833 | D17: Hours | E17: asia-east1 | F17: 47.61 | G17: 86.01 | H17: 14130706238 | I17: 23480009488 | J17: 20-08-2024 03:04 | K17: 24-08-2024 05:27 | L17: 7.71 | M17: 758.54 | N17: 759 | O17: 62997 | P17: =((DATE(MID(K17,7,4),MID(K17,4,2),LEFT(K17,2))+TIMEVALUE(RIGHT(K17,LEN(K17)-11)))-(DATE(MID(J17,7,4),MID(J17,4,2),LEFT(J17,2))+TIMEVALUE(RIGHT(J17,LEN(J17)-11))))*24 -> 98.383333 | Q17: =IF(F17<30,"Underutilized",IF(F17<70,"Normal","High")) -> Normal | R17: =IF(G17<40,"Underutilized",IF(G17<75,"Normal","High")) -> High | S17: =(H17+I17)/1073741824 -> 35.027709 | T17: =IF(O17>AVERAGE($O$2:$O$500),"High Cost","Normal Cost") -> Normal Cost | U17: =((F17+G17)/2)/(O17/100) -> 0.10605267
A18: res-S3LT44XO | B18: Cloud Build | C18: 713.5354 | D18: GB | E18: asia-east1 | F18: 93.56 | G18: 2.89 | H18: 61053572660 | I18: 66456079011 | J18: 25-08-2024 21:20 | K18: 31-08-2024 12:24 | L18: 5.12 | M18: 3653.3 | N18: 3653 | O18: 303199 | P18: =((DATE(MID(K18,7,4),MID(K18,4,2),LEFT(K18,2))+TIMEVALUE(RIGHT(K18,LEN(K18)-11)))-(DATE(MID(J18,7,4),MID(J18,4,2),LEFT(J18,2))+TIMEVALUE(RIGHT(J18,LEN(J18)-11))))*24 -> 135.06667 | Q18: =IF(F18<30,"Underutilized",IF(F18<70,"Normal","High")) -> High | R18: =IF(G18<40,"Underutilized",IF(G18<75,"Normal","High")) -> Underutilized | S18: =(H18+I18)/1073741824 -> 118.75262 | T18: =IF(O18>AVERAGE($O$2:$O$500),"High Cost","Normal Cost") -> High Cost | U18: =((F18+G18)/2)/(O18/100) -> 0.015905395
A19: res-4FELBDAQ | B19: Cloud Armor | C19: 609.9901 | D19: Requests | E19: us-east1 | F19: 98.66 | G19: 51.52 | H19: 70591459011 | I19: 75043755268 | J19: 45480.036 | K19: 45542.574 | L19: 4.92 | M19: 3001.15 | N19: 3001 | O19: 249083 | P19: =((DATE(MID(K19,7,4),MID(K19,4,2),LEFT(K19,2))+TIMEVALUE(RIGHT(K19,LEN(K19)-11)))-(DATE(MID(J19,7,4),MID(J19,4,2),LEFT(J19,2))+TIMEVALUE(RIGHT(J19,LEN(J19)-11))))*24 -> 60.9 | Q19: =IF(F19<30,"Underutilized",IF(F19<70,"Normal","High")) -> High | R19: =IF(G19<40,"Underutilized",IF(G19<75,"Normal","High")) -> Normal | S19: =(H19+I19)/1073741824 -> 135.63336 | T19: =IF(O19>AVERAGE($O$2:$O$500),"High Cost","Normal Cost") -> High Cost | U19: =((F19+G19)/2)/(O19/100) -> 0.030146578
A20: res-8DBLI7MV | B20: Pub/Sub | C20: 61.3889 | D20: Requests | E20: asia-southeast1 | F20: 20.25 | G20: 49.89 | H20: 24459345122 | I20: 30238120394 | J20: 28-08-2024 09:37 | K20: 29-08-2024 17:30 | L20: 7.68 | M20: 471.47 | N20: 471 | O20: 39093 | P20: =((DATE(MID(K20,7,4),MID(K20,4,2),LEFT(K20,2))+TIMEVALUE(RIGHT(K20,LEN(K20)-11)))-(DATE(MID(J20,7,4),MID(J20,4,2),LEFT(J20,2))+TIMEVALUE(RIGHT(J20,LEN(J20)-11))))*24 -> 31.883333 | Q20: =IF(F20<30,"Underutilized",IF(F20<70,"Normal","High")) -> Underutilized | R20: =IF(G20<40,"Underutilized",IF(G20<75,"Normal","High")) -> Normal | S20: =(H20+I20)/1073741824 -> 50.940984 | T20: =IF(O20>AVERAGE($O$2:$O$500),"High Cost","Normal Cost") -> Normal Cost | U20: =((F20+G20)/2)/(O20/100) -> 0.089709155
A21: res-KI6SEH8K | B21: Cloud VPN | C21: 194.6074 | D21: GB | E21: southamerica-east1 | F21: 71.48 | G21: 83.84 | H21: 50023921405 | I21: 52243912598 | J21: 45480.511 | K21: 45603.082 | L21: 7.04 | M21: 1370.04 | N21: 1370 | O21: 113710 | P21: =((DATE(MID(K21,7,4),MID(K21,4,2),LEFT(K21,2))+TIMEVALUE(RIGHT(K21,LEN(K21)-11)))-(DATE(MID(J21,7,4),MID(J21,4,2),LEFT(J21,2))+TIMEVALUE(RIGHT(J21,LEN(J21)-11))))*24 -> 85.7 | Q21: =IF(F21<30,"Underutilized",IF(F21<70,"Normal","High")) -> High | R21: =IF(G21<40,"Underutilized",IF(G21<75,"Normal","High")) -> High | S21: =(H21+I21)/1073741824 -> 95.244342 | T21: =IF(O21>AVERAGE($O$2:$O$500),"High Cost","Normal Cost") -> Normal Cost | U21: =((F21+G21)/2)/(O21/100) -> 0.068296544
A22: res-QTQQHAC7 | B22: Pub/Sub | C22: 590.1037 | D22: Requests | E22: southamerica-east1 | F22: 55.53 | G22: 76.7 | H22: 27785646604 | I22: 34873445199 | J22: 19-08-2024 07:29 | K22: 21-08-2024 09:41 | L22: 8.18 | M22: 4827.05 | N22: 4827 | O22: 400641 | P22: =((DATE(MID(K22,7,4),MID(K22,4,2),LEFT(K22,2))+TIMEVALUE(RIGHT(K22,LEN(K22)-11)))-(DATE(MID(J22,7,4),MID(J22,4,2),LEFT(J22,2))+TIMEVALUE(RIGHT(J22,LEN(J22)-11))))*24 -> 50.2 | Q22: =IF(F22<30,"Underutilized",IF(F22<70,"Normal","High")) -> Normal | R22: =IF(G22<40,"Underutilized",IF(G22<75,"Normal","High")) -> High | S22: =(H22+I22)/1073741824 -> 58.355827 | T22: =IF(O22>AVERAGE($O$2:$O$500),"High Cost","Normal Cost") -> High Cost | U22: =((F22+G22)/2)/(O22/100) -> 0.016502305
A23: res-4F4ZI2VT | B23: Firestore | C23: 152.1866 | D23: Requests | E23: australia-southeast1 | F23: 78.9 | G23: 60.38 | H23: 31595229818 | I23: 32905735415 | J23: 17-07-2024 20:20 | K23: 22-07-2024 08:13 | L23: 7.5 | M23: 1141.4 | N23: 1141 | O23: 94703 | P23: =((DATE(MID(K23,7,4),MID(K23,4,2),LEFT(K23,2))+TIMEVALUE(RIGHT(K23,LEN(K23)-11)))-(DATE(MID(J23,7,4),MID(J23,4,2),LEFT(J23,2))+TIMEVALUE(RIGHT(J23,LEN(J23)-11))))*24 -> 107.88333 | Q23: =IF(F23<30,"Underutilized",IF(F23<70,"Normal","High")) -> High | R23: =IF(G23<40,"Underutilized",IF(G23<75,"Normal","High")) -> Normal | S23: =(H23+I23)/1073741824 -> 60.071205 | T23: =IF(O23>AVERAGE($O$2:$O$500),"High Cost","Normal Cost") -> Normal Cost | U23: =((F23+G23)/2)/(O23/100) -> 0.073535157
A24: res-EJ3TCI72 | B24: Compute Engine | C24: 90.7333 | D24: Hours | E24: northamerica-northeast1 | F24: 22.41 | G24: 61.79 | H24: 35788463783 | I24: 41202319167 | J24: 45420.554 | K24: 45543.335 | L24: 8.75 | M24: 793.92 | N24: 794 | O24: 65902 | P24: =((DATE(MID(K24,7,4),MID(K24,4,2),LEFT(K24,2))+TIMEVALUE(RIGHT(K24,LEN(K24)-11)))-(DATE(MID(J24,7,4),MID(J24,4,2),LEFT(J24,2))+TIMEVALUE(RIGHT(J24,LEN(J24)-11))))*24 -> 90.733333 | Q24: =IF(F24<30,"Underutilized",IF(F24<70,"Normal","High")) -> Underutilized | R24: =IF(G24<40,"Underutilized",IF(G24<75,"Normal","High")) -> Normal | S24: =(H24+I24)/1073741824 -> 71.703254 | T24: =IF(O24>AVERAGE($O$2:$O$500),"High Cost","Normal Cost") -> Normal Cost | U24: =((F24+G24)/2)/(O24/100) -> 0.063882735
A25: res-27V25S4F | B25: Cloud VPN | C25: 389.9843 | D25: Requests | E25: us-central1 | F25: 97.47 | G25: 35.99 | H25: 96990383791 | I25: 101187000000 | J25: 17-08-2024 01:17 | K25: 19-08-2024 18:27 | L25: 1.92 | M25: 748.77 | N25: 749 | O25: 62167 | P25: =((DATE(MID(K25,7,4),MID(K25,4,2),LEFT(K25,2))+TIMEVALUE(RIGHT(K25,LEN(K25)-11)))-(DATE(MID(J25,7,4),MID(J25,4,2),LEFT(J25,2))+TIMEVALUE(RIGHT(J25,LEN(J25)-11))))*24 -> 65.166667 | Q25: =IF(F25<30,"Underutilized",IF(F25<70,"Normal","High")) -> High | R25: =IF(G25<40,"Underutilized",IF(G25<75,"Normal","High")) -> Underutilized | S25: =(H25+I25)/1073741824 -> 184.56707 | T25: =IF(O25>AVERAGE($O$2:$O$500),"High Cost","Normal Cost") -> Normal Cost | U25: =((F25+G25)/2)/(O25/100) -> 0.10733991
A26: res-T91EICVM | B26: Cloud Load Balancing | C26: 389.6408 | D26: GB | E26: southamerica-east1 | F26: 65.57 | G26: 42.91 | H26: 31182295135 | I26: 38901764033 | J26: 45633.387 | K26: 17-07-2024 02:28 | L26: 8.26 | M26: 3218.43 | N26: 3218 | O26: 267094 | P26: =((DATE(MID(K26,7,4),MID(K26,4,2),LEFT(K26,2))+TIMEVALUE(RIGHT(K26,LEN(K26)-11)))-(DATE(MID(J26,7,4),MID(J26,4,2),LEFT(J26,2))+TIMEVALUE(RIGHT(J26,LEN(J26)-11))))*24 -> 113.16667 | Q26: =IF(F26<30,"Underutilized",IF(F26<70,"Normal","High")) -> Normal | R26: =IF(G26<40,"Underutilized",IF(G26<75,"Normal","High")) -> Normal | S26: =(H26+I26)/1073741824 -> 65.270866 | T26: =IF(O26>AVERAGE($O$2:$O$500),"High Cost","Normal Cost") -> High Cost | U26: =((F26+G26)/2)/(O26/100) -> 0.020307457
A27: res-251A50KH | B27: Cloud Armor | C27: 902.3603 | D27: GB | E27: europe-north1 | F27: 27.7 | G27: 72.18 | H27: 75263901953 | I27: 80604527913 | J27: 23-08-2024 17:18 | K27: 29-08-2024 07:02 | L27: 6.25 | M27: 5639.75 | N27: 5640 | O27: 468120 | P27: =((DATE(MID(K27,7,4),MID(K27,4,2),LEFT(K27,2))+TIMEVALUE(RIGHT(K27,LEN(K27)-11)))-(DATE(MID(J27,7,4),MID(J27,4,2),LEFT(J27,2))+TIMEVALUE(RIGHT(J27,LEN(J27)-11))))*24 -> 133.73333 | Q27: =IF(F27<30,"Underutilized",IF(F27<70,"Normal","High")) -> Underutilized | R27: =IF(G27<40,"Underutilized",IF(G27<75,"Normal","High")) -> Normal | S27: =(H27+I27)/1073741824 -> 145.16379 | T27: =IF(O27>AVERAGE($O$2:$O$500),"High Cost","Normal Cost") -> High Cost | U27: =((F27+G27)/2)/(O27/100) -> 0.010668205
A28: res-3JSZVG7Z | B28: Cloud Spanner | C28: 355.828 | D28: GB | E28: europe-west3 | F28: 89.39 | G28: 91.02 | H28: 84041157244 | I28: 92553952311 | J28: 26-08-2024 19:31 | K28: 29-08-2024 04:27 | L28: 5.17 | M28: 1839.63 | N28: 1840 | O28: 152720 | P28: =((DATE(MID(K28,7,4),MID(K28,4,2),LEFT(K28,2))+TIMEVALUE(RIGHT(K28,LEN(K28)-11)))-(DATE(MID(J28,7,4),MID(J28,4,2),LEFT(J28,2))+TIMEVALUE(RIGHT(J28,LEN(J28)-11))))*24 -> 56.933333 | Q28: =IF(F28<30,"Underutilized",IF(F28<70,"Normal","High")) -> High | R28: =IF(G28<40,"Underutilized",IF(G28<75,"Normal","High")) -> High | S28: =(H28+I28)/1073741824 -> 164.46701 | T28: =IF(O28>AVERAGE($O$2:$O$500),"High Cost","Normal Cost") -> Normal Cost | U28: =((F28+G28)/2)/(O28/100) -> 0.05906561
A29: res-5O0LZKYC | B29: BigQuery | C29: 477.7508 | D29: Requests | E29: europe-north1 | F29: 63.32 | G29: 46.75 | H29: 88256196324 | I29: 95036019889 | J29: 45298.827 | K29: 45389.892 | L29: 7.49 | M29: 3578.35 | N29: 3578 | O29: 296974 | P29: =((DATE(MID(K29,7,4),MID(K29,4,2),LEFT(K29,2))+TIMEVALUE(RIGHT(K29,LEN(K29)-11)))-(DATE(MID(J29,7,4),MID(J29,4,2),LEFT(J29,2))+TIMEVALUE(RIGHT(J29,LEN(J29)-11))))*24 -> 73.55 | Q29: =IF(F29<30,"Underutilized",IF(F29<70,"Normal","High")) -> Normal | R29: =IF(G29<40,"Underutilized",IF(G29<75,"Normal","High")) -> Normal | S29: =(H29+I29)/1073741824 -> 170.70418 | T29: =IF(O29>AVERAGE($O$2:$O$500),"High Cost","Normal Cost") -> High Cost | U29: =((F29+G29)/2)/(O29/100) -> 0.018531925
A30: res-PGHLRRI4 | B30: Cloud Load Balancing | C30: 31.5518 | D30: Requests | E30: northamerica-northeast1 | F30: 62.15 | G30: 16.46 | H30: 54485062086 | I30: 62813003941 | J30: 45573.712 | K30: 15-08-2024 11:52 | L30: 8.65 | M30: 272.92 | N30: 273 | O30: 22659 | P30: =((DATE(MID(K30,7,4),MID(K30,4,2),LEFT(K30,2))+TIMEVALUE(RIGHT(K30,LEN(K30)-11)))-(DATE(MID(J30,7,4),MID(J30,4,2),LEFT(J30,2))+TIMEVALUE(RIGHT(J30,LEN(J30)-11))))*24 -> 114.78333 | Q30: =IF(F30<30,"Underutilized",IF(F30<70,"Normal","High")) -> Normal | R30: =IF(G30<40,"Underutilized",IF(G30<75,"Normal","High")) -> Underutilized | S30: =(H30+I30)/1073741824 -> 109.24234 | T30: =IF(O30>AVERAGE($O$2:$O$500),"High Cost","Normal Cost") -> Normal Cost | U30: =((F30+G30)/2)/(O30/100) -> 0.17346308
A31: res-E5DZLWUA | B31: Dataflow | C31: 24.5167 | D31: Hours | E31: northamerica-northeast1 | F31: 63.68 | G31: 9.91 | H31: 34927527769 | I31: 44683895186 | J31: 27-08-2024 04:52 | K31: 28-08-2024 05:23 | L31: 7.74 | M31: 189.76 | N31: 190 | O31: 15770 | P31: =((DATE(MID(K31,7,4),MID(K31,4,2),LEFT(K31,2))+TIMEVALUE(RIGHT(K31,LEN(K31)-11)))-(DATE(MID(J31,7,4),MID(J31,4,2),LEFT(J31,2))+TIMEVALUE(RIGHT(J31,LEN(J31)-11))))*24 -> 24.516667 | Q31: =IF(F31<30,"Underutilized",IF(F31<70,"Normal","High")) -> Normal | R31: =IF(G31<40,"Underutilized",IF(G31<75,"Normal","High")) -> Underutilized | S31: =(H31+I31)/1073741824 -> 74.143915 | T31: =IF(O31>AVERAGE($O$2:$O$500),"High Cost","Normal Cost") -> Normal Cost | U31: =((F31+G31)/2)/(O31/100) -> 0.23332276
A32: res-A6LFJNRY | B32: Compute Engine | C32: 85.0167 | D32: Hours | E32: southamerica-east1 | F32: 67.5 | G32: 76.78 | H32: 87269231137 | I32: 92709161595 | J32: 16-08-2024 00:18 | K32: 19-08-2024 13:19 | L32: 9.97 | M32: 847.62 | N32: 848 | O32: 70384 | P32: =((DATE(MID(K32,7,4),MID(K32,4,2),LEFT(K32,2))+TIMEVALUE(RIGHT(K32,LEN(K32)-11)))-(DATE(MID(J32,7,4),MID(J32,4,2),LEFT(J32,2))+TIMEVALUE(RIGHT(J32,LEN(J32)-11))))*24 -> 85.016667 | Q32: =IF(F32<30,"Underutilized",IF(F32<70,"Normal","High")) -> Normal | R32: =IF(G32<40,"Underutilized",IF(G32<75,"Normal","High")) -> High | S32: =(H32+I32)/1073741824 -> 167.61794 | T32: =IF(O32>AVERAGE($O$2:$O$500),"High Cost","Normal Cost") -> Normal Cost | U32: =((F32+G32)/2)/(O32/100) -> 0.10249489
A33: res-CWFW5Z7I | B33: Cloud Dataproc | C33: 832.1664 | D33: Requests | E33: australia-southeast1 | F33: 23.65 | G33: 80.19 | H33: 93395407276 | I33: 102343000000 | J33: 26-08-2024 16:24 | K33: 31-08-2024 13:07 | L33: 5.91 | M33: 4918.1 | N33: 4918 | O33: 408194 | P33: =((DATE(MID(K33,7,4),MID(K33,4,2),LEFT(K33,2))+TIMEVALUE(RIGHT(K33,LEN(K33)-11)))-(DATE(MID(J33,7,4),MID(J33,4,2),LEFT(J33,2))+TIMEVALUE(RIGHT(J33,LEN(J33)-11))))*24 -> 116.71667 | Q33: =IF(F33<30,"Underutilized",IF(F33<70,"Normal","High")) -> Underutilized | R33: =IF(G33<40,"Underutilized",IF(G33<75,"Normal","High")) -> High | S33: =(H33+I33)/1073741824 -> 182.2956 | T33: =IF(O33>AVERAGE($O$2:$O$500),"High Cost","Normal Cost") -> High Cost | U33: =((F33+G33)/2)/(O33/100) -> 0.012719442
A34: res-UEL2KJBD | B34: Cloud VPC | C34: 298.0653 | D34: GB | E34: us-west1 | F34: 66.82 | G34: 57.94 | H34: 24527235493 | I34: 26241930001 | J34: 45329.524 | K34: 45419.678 | L34: 7.34 | M34: 2187.8 | N34: 2188 | O34: 181604 | P34: =((DATE(MID(K34,7,4),MID(K34,4,2),LEFT(K34,2))+TIMEVALUE(RIGHT(K34,LEN(K34)-11)))-(DATE(MID(J34,7,4),MID(J34,4,2),LEFT(J34,2))+TIMEVALUE(RIGHT(J34,LEN(J34)-11))))*24 -> 75.683333 | Q34: =IF(F34<30,"Underutilized",IF(F34<70,"Normal","High")) -> Normal | R34: =IF(G34<40,"Underutilized",IF(G34<75,"Normal","High")) -> Normal | S34: =(H34+I34)/1073741824 -> 47.28247 | T34: =IF(O34>AVERAGE($O$2:$O$500),"High Cost","Normal Cost") -> High Cost | U34: =((F34+G34)/2)/(O34/100) -> 0.034349464
A35: res-2NWIUO2C | B35: Cloud Load Balancing | C35: 868.8778 | D35: Requests | E35: asia-east1 | F35: 72.08 | G35: 28.06 | H35: 13159648227 | I35: 16566379456 | J35: 14-07-2024 17:48 | K35: 16-07-2024 23:28 | L35: 2.33 | M35: 2024.49 | N35: 2024 | O35: 167992 | P35: =((DATE(MID(K35,7,4),MID(K35,4,2),LEFT(K35,2))+TIMEVALUE(RIGHT(K35,LEN(K35)-11)))-(DATE(MID(J35,7,4),MID(J35,4,2),LEFT(J35,2))+TIMEVALUE(RIGHT(J35,LEN(J35)-11))))*24 -> 53.666667 | Q35: =IF(F35<30,"Underutilized",IF(F35<70,"Normal","High")) -> High | R35: =IF(G35<40,"Underutilized",IF(G35<75,"Normal","High")) -> Underutilized | S35: =(H35+I35)/1073741824 -> 27.684521 | T35: =IF(O35>AVERAGE($O$2:$O$500),"High Cost","Normal Cost") -> Normal Cost | U35: =((F35+G35)/2)/(O35/100) -> 0.029804991
A36: res-TDYG7ESV | B36: Cloud NAT | C36: 306.7861 | D36: GB | E36: europe-north1 | F36: 19.59 | G36: 95.71 | H36: 98160908124 | I36: 106232000000 | J36: 45572.969 | K36: 45633.119 | L36: 8.51 | M36: 2610.75 | N36: 2611 | O36: 216713 | P36: =((DATE(MID(K36,7,4),MID(K36,4,2),LEFT(K36,2))+TIMEVALUE(RIGHT(K36,LEN(K36)-11)))-(DATE(MID(J36,7,4),MID(J36,4,2),LEFT(J36,2))+TIMEVALUE(RIGHT(J36,LEN(J36)-11))))*24 -> 27.6 | Q36: =IF(F36<30,"Underutilized",IF(F36<70,"Normal","High")) -> Underutilized | R36: =IF(G36<40,"Underutilized",IF(G36<75,"Normal","High")) -> High | S36: =(H36+I36)/1073741824 -> 190.35573 | T36: =IF(O36>AVERAGE($O$2:$O$500),"High Cost","Normal Cost") -> High Cost | U36: =((F36+G36)/2)/(O36/100) -> 0.026602004
A37: res-66L7XN4J | B37: AI Platform | C37: 31.9333 | D37: Hours | E37: europe-west1 | F37: 5.7 | G37: 31.59 | H37: 35137713111 | I37: 43813630384 | J37: 29-07-2024 06:08 | K37: 30-07-2024 14:04 | L37: 1.05 | M37: 33.53 | N37: 34 | O37: 2822 | P37: =((DATE(MID(K37,7,4),MID(K37,4,2),LEFT(K37,2))+TIMEVALUE(RIGHT(K37,LEN(K37)-11)))-(DATE(MID(J37,7,4),MID(J37,4,2),LEFT(J37,2))+TIMEVALUE(RIGHT(J37,LEN(J37)-11))))*24 -> 31.933333 | Q37: =IF(F37<30,"Underutilized",IF(F37<70,"Normal","High")) -> Underutilized | R37: =IF(G37<40,"Underutilized",IF(G37<75,"Normal","High")) -> Underutilized | S37: =(H37+I37)/1073741824 -> 73.529168 | T37: =IF(O37>AVERAGE($O$2:$O$500),"High Cost","Normal Cost") -> Normal Cost | U37: =((F37+G37)/2)/(O37/100) -> 0.66070163
A38: res-SG6WQFX8 | B38: Cloud Armor | C38: 715.0198 | D38: GB | E38: us-west1 | F38: 44.97 | G38: 13.16 | H38: 47790743712 | I38: 50699817640 | J38: 14-07-2024 09:21 | K38: 18-07-2024 20:13 | L38: 3.29 | M38: 2352.42 | N38: 2352 | O38: 195216 | P38: =((DATE(MID(K38,7,4),MID(K38,4,2),LEFT(K38,2))+TIMEVALUE(RIGHT(K38,LEN(K38)-11)))-(DATE(MID(J38,7,4),MID(J38,4,2),LEFT(J38,2))+TIMEVALUE(RIGHT(J38,LEN(J38)-11))))*24 -> 106.86667 | Q38: =IF(F38<30,"Underutilized",IF(F38<70,"Normal","High")) -> Normal | R38: =IF(G38<40,"Underutilized",IF(G38<75,"Normal","High")) -> Underutilized | S38: =(H38+I38)/1073741824 -> 91.726483 | T38: =IF(O38>AVERAGE($O$2:$O$500),"High Cost","Normal Cost") -> High Cost | U38: =((F38+G38)/2)/(O38/100) -> 0.014888636
A39: res-6EL50YPV | B39: Cloud CDN | C39: 749.8858 | D39: GB | E39: europe-north1 | F39: 84.06 | G39: 47.12 | H39: 58205533146 | I39: 63495177785 | J39: 16-08-2024 20:04 | K39: 21-08-2024 12:08 | L39: 2.03 | M39: 1522.27 | N39: 1522 | O39: 126326 | P39: =((DATE(MID(K39,7,4),MID(K39,4,2),LEFT(K39,2))+TIMEVALUE(RIGHT(K39,LEN(K39)-11)))-(DATE(MID(J39,7,4),MID(J39,4,2),LEFT(J39,2))+TIMEVALUE(RIGHT(J39,LEN(J39)-11))))*24 -> 112.06667 | Q39: =IF(F39<30,"Underutilized",IF(F39<70,"Normal","High")) -> High | R39: =IF(G39<40,"Underutilized",IF(G39<75,"Normal","High")) -> Normal | S39: =(H39+I39)/1073741824 -> 113.34262 | T39: =IF(O39>AVERAGE($O$2:$O$500),"High Cost","Normal Cost") -> Normal Cost | U39: =((F39+G39)/2)/(O39/100) -> 0.05192122
A40: res-ALHVTEHO | B40: Kubernetes Engine | C40: 110.3167 | D40: Hours | E40: us-east1 | F40: 49.67 | G40: 26.17 | H40: 79950895147 | I40: 87873607051 | J40: 45359.415 | K40: 45512.011 | L40: 7.61 | M40: 839.51 | N40: 840 | O40: 69720 | P40: =((DATE(MID(K40,7,4),MID(K40,4,2),LEFT(K40,2))+TIMEVALUE(RIGHT(K40,LEN(K40)-11)))-(DATE(MID(J40,7,4),MID(J40,4,2),LEFT(J40,2))+TIMEVALUE(RIGHT(J40,LEN(J40)-11))))*24 -> 110.31667 | Q40: =IF(F40<30,"Underutilized",IF(F40<70,"Normal","High")) -> Normal | R40: =IF(G40<40,"Underutilized",IF(G40<75,"Normal","High")) -> Underutilized | S40: =(H40+I40)/1073741824 -> 156.29875 | T40: =IF(O40>AVERAGE($O$2:$O$500),"High Cost","Normal Cost") -> Normal Cost | U40: =((F40+G40)/2)/(O40/100) -> 0.054388985
A41: res-Y3DP4TQK | B41: Cloud Run | C41: 55.5667 | D41: Hours | E41: us-west1 | F41: 4.03 | G41: 16.21 | H41: 39972807265 | I41: 42908382034 | J41: 23-08-2024 16:13 | K41: 25-08-2024 23:47 | L41: 3.2 | M41: 177.81 | N41: 178 | O41: 14774 | P41: =((DATE(MID(K41,7,4),MID(K41,4,2),LEFT(K41,2))+TIMEVALUE(RIGHT(K41,LEN(K41)-11)))-(DATE(MID(J41,7,4),MID(J41,4,2),LEFT(J41,2))+TIMEVALUE(RIGHT(J41,LEN(J41)-11))))*24 -> 55.566667 | Q41: =IF(F41<30,"Underutilized",IF(F41<70,"Normal","High")) -> Underutilized | R41: =IF(G41<40,"Underutilized",IF(G41<75,"Normal","High")) -> Underutilized | S41: =(H41+I41)/1073741824 -> 77.189123 | T41: =IF(O41>AVERAGE($O$2:$O$500),"High Cost","Normal Cost") -> Normal Cost | U41: =((F41+G41)/2)/(O41/100) -> 0.068498714
A42: res-XGSQU6G9 | B42: Dataflow | C42: 37.85 | D42: Hours | E42: europe-west1 | F42: 30.13 | G42: 51.99 | H42: 47432776135 | I42: 52386027380 | J42: 22-07-2024 15:15 | K42: 24-07-2024 05:06 | L42: 4.74 | M42: 179.41 | N42: 179 | O42: 14857 | P42: =((DATE(MID(K42,7,4),MID(K42,4,2),LEFT(K42,2))+TIMEVALUE(RIGHT(K42,LEN(K42)-11)))-(DATE(MID(J42,7,4),MID(J42,4,2),LEFT(J42,2))+TIMEVALUE(RIGHT(J42,LEN(J42)-11))))*24 -> 37.85 | Q42: =IF(F42<30,"Underutilized",IF(F42<70,"Normal","High")) -> Normal | R42: =IF(G42<40,"Underutilized",IF(G42<75,"Normal","High")) -> Normal | S42: =(H42+I42)/1073741824 -> 92.963505 | T42: =IF(O42>AVERAGE($O$2:$O$500),"High Cost","Normal Cost") -> Normal Cost | U42: =((F42+G42)/2)/(O42/100) -> 0.27636804
A43: res-JYW9QXTH | B43: Cloud Functions | C43: 25.1167 | D43: Hours | E43: europe-west3 | F43: 31.07 | G43: 40.3 | H43: 67988066933 | I43: 74171230563 | J43: 45633.987 | K43: 14-07-2024 00:48 | L43: 4.91 | M43: 123.32 | N43: 123 | O43: 10209 | P43: =((DATE(MID(K43,7,4),MID(K43,4,2),LEFT(K43,2))+TIMEVALUE(RIGHT(K43,LEN(K43)-11)))-(DATE(MID(J43,7,4),MID(J43,4,2),LEFT(J43,2))+TIMEVALUE(RIGHT(J43,LEN(J43)-11))))*24 -> 25.116667 | Q43: =IF(F43<30,"Underutilized",IF(F43<70,"Normal","High")) -> Normal | R43: =IF(G43<40,"Underutilized",IF(G43<75,"Normal","High")) -> Normal | S43: =(H43+I43)/1073741824 -> 132.39616 | T43: =IF(O43>AVERAGE($O$2:$O$500),"High Cost","Normal Cost") -> Normal Cost | U43: =((F43+G43)/2)/(O43/100) -> 0.34954452
A44: res-M0XOPAGW | B44: Cloud Armor | C44: 222.3365 | D44: Requests | E44: australia-southeast1 | F44: 45.3 | G44: 95.77 | H44: 32935662005 | I44: 40639831707 | J44: 21-08-2024 10:30 | K44: 22-08-2024 20:06 | L44: 3.17 | M44: 704.81 | N44: 705 | O44: 58515 | P44: =((DATE(MID(K44,7,4),MID(K44,4,2),LEFT(K44,2))+TIMEVALUE(RIGHT(K44,LEN(K44)-11)))-(DATE(MID(J44,7,4),MID(J44,4,2),LEFT(J44,2))+TIMEVALUE(RIGHT(J44,LEN(J44)-11))))*24 -> 33.6 | Q44: =IF(F44<30,"Underutilized",IF(F44<70,"Normal","High")) -> Normal | R44: =IF(G44<40,"Underutilized",IF(G44<75,"Normal","High")) -> High | S44: =(H44+I44)/1073741824 -> 68.522518 | T44: =IF(O44>AVERAGE($O$2:$O$500),"High Cost","Normal Cost") -> Normal Cost | U44: =((F44+G44)/2)/(O44/100) -> 0.12054174
A45: res-HLWAGRJX | B45: Pub/Sub | C45: 565.1884 | D45: GB | E45: us-east1 | F45: 5.46 | G45: 98.89 | H45: 87565187937 | I45: 92048056617 | J45: 45330.036 | K45: 45359.692 | L45: 7.16 | M45: 4046.75 | N45: 4047 | O45: 335901 | P45: =((DATE(MID(K45,7,4),MID(K45,4,2),LEFT(K45,2))+TIMEVALUE(RIGHT(K45,LEN(K45)-11)))-(DATE(MID(J45,7,4),MID(J45,4,2),LEFT(J45,2))+TIMEVALUE(RIGHT(J45,LEN(J45)-11))))*24 -> 39.733333 | Q45: =IF(F45<30,"Underutilized",IF(F45<70,"Normal","High")) -> Underutilized | R45: =IF(G45<40,"Underutilized",IF(G45<75,"Normal","High")) -> High | S45: =(H45+I45)/1073741824 -> 167.27787 | T45: =IF(O45>AVERAGE($O$2:$O$500),"High Cost","Normal Cost") -> High Cost | U45: =((F45+G45)/2)/(O45/100) -> 0.01553285
A46: res-TH2HV714 | B46: Firestore | C46: 668.343 | D46: GB | E46: europe-west3 | F46: 57.12 | G46: 76.38 | H46: 36394756934 | I46: 46156760944 | J46: 45299.144 | K46: 45451.108 | L46: 8.9 | M46: 5948.25 | N46: 5948 | O46: 493684 | P46: =((DATE(MID(K46,7,4),MID(K46,4,2),LEFT(K46,2))+TIMEVALUE(RIGHT(K46,LEN(K46)-11)))-(DATE(MID(J46,7,4),MID(J46,4,2),LEFT(J46,2))+TIMEVALUE(RIGHT(J46,LEN(J46)-11))))*24 -> 119.11667 | Q46: =IF(F46<30,"Underutilized",IF(F46<70,"Normal","High")) -> Normal | R46: =IF(G46<40,"Underutilized",IF(G46<75,"Normal","High")) -> High | S46: =(H46+I46)/1073741824 -> 76.882092 | T46: =IF(O46>AVERAGE($O$2:$O$500),"High Cost","Normal Cost") -> High Cost | U46: =((F46+G46)/2)/(O46/100) -> 0.013520795
A47: res-NGNWFF0O | B47: Pub/Sub | C47: 502.7493 | D47: Requests | E47: asia-northeast1 | F47: 62.01 | G47: 51.31 | H47: 70657848518 | I47: 77304088526 | J47: 21-07-2024 11:28 | K47: 22-07-2024 15:42 | L47: 2.24 | M47: 1126.16 | N47: 1126 | O47: 93458 | P47: =((DATE(MID(K47,7,4),MID(K47,4,2),LEFT(K47,2))+TIMEVALUE(RIGHT(K47,LEN(K47)-11)))-(DATE(MID(J47,7,4),MID(J47,4,2),LEFT(J47,2))+TIMEVALUE(RIGHT(J47,LEN(J47)-11))))*24 -> 28.233333 | Q47: =IF(F47<30,"Underutilized",IF(F47<70,"Normal","High")) -> Normal | R47: =IF(G47<40,"Underutilized",IF(G47<75,"Normal","High")) -> Normal | S47: =(H47+I47)/1073741824 -> 137.80029 | T47: =IF(O47>AVERAGE($O$2:$O$500),"High Cost","Normal Cost") -> Normal Cost | U47: =((F47+G47)/2)/(O47/100) -> 0.060626164
A48: res-UB3MG63E | B48: Cloud NAT | C48: 144.2559 | D48: Requests | E48: us-west1 | F48: 99.71 | G48: 0.93 | H48: 91717311680 | I48: 95042899077 | J48: 45389.056 | K48: 45511.42 | L48: 4.99 | M48: 719.84 | N48: 720 | O48: 59760 | P48: =((DATE(MID(K48,7,4),MID(K48,4,2),LEFT(K48,2))+TIMEVALUE(RIGHT(K48,LEN(K48)-11)))-(DATE(MID(J48,7,4),MID(J48,4,2),LEFT(J48,2))+TIMEVALUE(RIGHT(J48,LEN(J48)-11))))*24 -> 104.75 | Q48: =IF(F48<30,"Underutilized",IF(F48<70,"Normal","High")) -> High | R48: =IF(G48<40,"Underutilized",IF(G48<75,"Normal","High")) -> Underutilized | S48: =(H48+I48)/1073741824 -> 173.934 | T48: =IF(O48>AVERAGE($O$2:$O$500),"High Cost","Normal Cost") -> Normal Cost | U48: =((F48+G48)/2)/(O48/100) -> 0.084203481
A49: res-P0IB37XB | B49: Cloud Spanner | C49: 67.2368 | D49: Requests | E49: asia-southeast1 | F49: 95.28 | G49: 57.91 | H49: 89003991655 | I49: 96601656791 | J49: 45633.897 | K49: 14-07-2024 20:22 | L49: 2.63 | M49: 176.83 | N49: 177 | O49: 14691 | P49: =((DATE(MID(K49,7,4),MID(K49,4,2),LEFT(K49,2))+TIMEVALUE(RIGHT(K49,LEN(K49)-11)))-(DATE(MID(J49,7,4),MID(J49,4,2),LEFT(J49,2))+TIMEVALUE(RIGHT(J49,LEN(J49)-11))))*24 -> 46.833333 | Q49: =IF(F49<30,"Underutilized",IF(F49<70,"Normal","High")) -> High | R49: =IF(G49<40,"Underutilized",IF(G49<75,"Normal","High")) -> Normal | S49: =(H49+I49)/1073741824 -> 172.85873 | T49: =IF(O49>AVERAGE($O$2:$O$500),"High Cost","Normal Cost") -> Normal Cost | U49: =((F49+G49)/2)/(O49/100) -> 0.52137363
A50: res-8DMDOAEB | B50: Cloud Load Balancing | C50: 992.0661 | D50: GB | E50: southamerica-east1 | F50: 59.72 | G50: 17.93 | H50: 49573513144 | I50: 57377379156 | J50: 45329.672 | K50: 45389.074 | L50: 4.63 | M50: 4593.27 | N50: 4593 | O50: 381219 | P50: =((DATE(MID(K50,7,4),MID(K50,4,2),LEFT(K50,2))+TIMEVALUE(RIGHT(K50,LEN(K50)-11)))-(DATE(MID(J50,7,4),MID(J50,4,2),LEFT(J50,2))+TIMEVALUE(RIGHT(J50,LEN(J50)-11))))*24 -> 33.666667 | Q50: =IF(F50<30,"Underutilized",IF(F50<70,"Normal","High")) -> Normal | R50: =IF(G50<40,"Underutilized",IF(G50<75,"Normal","High")) -> Underutilized | S50: =(H50+I50)/1073741824 -> 99.60578 | T50: =IF(O50>AVERAGE($O$2:$O$500),"High Cost","Normal Cost") -> High Cost | U50: =((F50+G50)/2)/(O50/100) -> 0.010184435
A51: res-ZWIM5IQO | B51: Cloud Load Balancing | C51: 992.7546 | D51: GB | E51: southamerica-east1 | F51: 7.86 | G51: 24.27 | H51: 35775812684 | I51: 37743737345 | J51: 13-08-2024 08:40 | K51: 16-08-2024 16:17 | L51: 2.32 | M51: 2303.19 | N51: 2303 | O51: 191149 | P51: =((DATE(MID(K51,7,4),MID(K51,4,2),LEFT(K51,2))+TIMEVALUE(RIGHT(K51,LEN(K51)-11)))-(DATE(MID(J51,7,4),MID(J51,4,2),LEFT(J51,2))+TIMEVALUE(RIGHT(J51,LEN(J51)-11))))*24 -> 79.616667 | Q51: =IF(F51<30,"Underutilized",IF(F51<70,"Normal","High")) -> Underutilized | R51: =IF(G51<40,"Underutilized",IF(G51<75,"Normal","High")) -> Underutilized | S51: =(H51+I51)/1073741824 -> 68.470417 | T51: =IF(O51>AVERAGE($O$2:$O$500),"High Cost","Normal Cost") -> High Cost | U51: =((F51+G51)/2)/(O51/100) -> 0.0084044384
A52: res-ND973JKK | B52: Cloud SQL | C52: 760.0749 | D52: Requests | E52: us-east1 | F52: 98.05 | G52: 41.43 | H52: 46082827894 | I52: 47296152299 | J52: 45633.239 | K52: 17-07-2024 01:48 | L52: 6.96 | M52: 5290.12 | N52: 5290 | O52: 439070 | P52: =((DATE(MID(K52,7,4),MID(K52,4,2),LEFT(K52,2))+TIMEVALUE(RIGHT(K52,LEN(K52)-11)))-(DATE(MID(J52,7,4),MID(J52,4,2),LEFT(J52,2))+TIMEVALUE(RIGHT(J52,LEN(J52)-11))))*24 -> 116.06667 | Q52: =IF(F52<30,"Underutilized",IF(F52<70,"Normal","High")) -> High | R52: =IF(G52<40,"Underutilized",IF(G52<75,"Normal","High")) -> Normal | S52: =(H52+I52)/1073741824 -> 86.965952 | T52: =IF(O52>AVERAGE($O$2:$O$500),"High Cost","Normal Cost") -> High Cost | U52: =((F52+G52)/2)/(O52/100) -> 0.015883572
A53: res-RMU6GKFR | B53: Cloud Memorystore | C53: 657.0231 | D53: GB | E53: asia-east1 | F53: 30.7 | G53: 10.91 | H53: 19271396797 | I53: 27245078419 | J53: 14-08-2024 10:27 | K53: 20-08-2024 03:38 | L53: 3.76 | M53: 2470.41 | N53: 2470 | O53: 205010 | P53: =((DATE(MID(K53,7,4),MID(K53,4,2),LEFT(K53,2))+TIMEVALUE(RIGHT(K53,LEN(K53)-11)))-(DATE(MID(J53,7,4),MID(J53,4,2),LEFT(J53,2))+TIMEVALUE(RIGHT(J53,LEN(J53)-11))))*24 -> 137.18333 | Q53: =IF(F53<30,"Underutilized",IF(F53<70,"Normal","High")) -> Normal | R53: =IF(G53<40,"Underutilized",IF(G53<75,"Normal","High")) -> Underutilized | S53: =(H53+I53)/1073741824 -> 43.321843 | T53: =IF(O53>AVERAGE($O$2:$O$500),"High Cost","Normal Cost") -> High Cost | U53: =((F53+G53)/2)/(O53/100) -> 0.010148285
A54: res-4DS5ZYPH | B54: Cloud Run | C54: 32.4667 | D54: Hours | E54: us-central1 | F54: 19.26 | G54: 8.78 | H54: 49466363040 | I54: 55999156322 | J54: 45634.694 | K54: 14-08-2024 01:08 | L54: 4.48 | M54: 145.45 | N54: 145 | O54: 12035 | P54: =((DATE(MID(K54,7,4),MID(K54,4,2),LEFT(K54,2))+TIMEVALUE(RIGHT(K54,LEN(K54)-11)))-(DATE(MID(J54,7,4),MID(J54,4,2),LEFT(J54,2))+TIMEVALUE(RIGHT(J54,LEN(J54)-11))))*24 -> 32.466667 | Q54: =IF(F54<30,"Underutilized",IF(F54<70,"Normal","High")) -> Underutilized | R54: =IF(G54<40,"Underutilized",IF(G54<75,"Normal","High")) -> Underutilized | S54: =(H54+I54)/1073741824 -> 98.222419 | T54: =IF(O54>AVERAGE($O$2:$O$500),"High Cost","Normal Cost") -> Normal Cost | U54: =((F54+G54)/2)/(O54/100) -> 0.11649356
A55: res-5K3QHZV3 | B55: Cloud Functions | C55: 65.3167 | D55: Hours | E55: asia-southeast1 | F55: 68.32 | G55: 2.37 | H55: 32960902132 | I55: 42041161989 | J55: 45480.037 | K55: 45542.758 | L55: 6.64 | M55: 433.7 | N55: 434 | O55: 36022 | P55: =((DATE(MID(K55,7,4),MID(K55,4,2),LEFT(K55,2))+TIMEVALUE(RIGHT(K55,LEN(K55)-11)))-(DATE(MID(J55,7,4),MID(J55,4,2),LEFT(J55,2))+TIMEVALUE(RIGHT(J55,LEN(J55)-11))))*24 -> 65.316667 | Q55: =IF(F55<30,"Underutilized",IF(F55<70,"Normal","High")) -> Normal | R55: =IF(G55<40,"Underutilized",IF(G55<75,"Normal","High")) -> Underutilized | S55: =(H55+I55)/1073741824 -> 69.851115 | T55: =IF(O55>AVERAGE($O$2:$O$500),"High Cost","Normal Cost") -> Normal Cost | U55: =((F55+G55)/2)/(O55/100) -> 0.098120593
A56: res-N3JA77XL | B56: Compute Engine | C56: 90.6 | D56: Hours | E56: asia-northeast1 | F56: 76.61 | G56: 96.05 | H56: 74434872643 | I56: 84307604798 | J56: 25-07-2024 07:31 | K56: 29-07-2024 02:07 | L56: 2.1 | M56: 190.26 | N56: 190 | O56: 15770 | P56: =((DATE(MID(K56,7,4),MID(K56,4,2),LEFT(K56,2))+TIMEVALUE(RIGHT(K56,LEN(K56)-11)))-(DATE(MID(J56,7,4),MID(J56,4,2),LEFT(J56,2))+TIMEVALUE(RIGHT(J56,LEN(J56)-11))))*24 -> 90.6 | Q56: =IF(F56<30,"Underutilized",IF(F56<70,"Normal","High")) -> High | R56: =IF(G56<40,"Underutilized",IF(G56<75,"Normal","High")) -> High | S56: =(H56+I56)/1073741824 -> 147.84045 | T56: =IF(O56>AVERAGE($O$2:$O$500),"High Cost","Normal Cost") -> Normal Cost | U56: =((F56+G56)/2)/(O56/100) -> 0.54743183
A57: res-SSBP7G7A | B57: BigQuery | C57: 742.5462 | D57: GB | E57: asia-east1 | F57: 29.67 | G57: 96.85 | H57: 40121800532 | I57: 45367120844 | J57: 14-08-2024 03:09 | K57: 19-08-2024 14:12 | L57: 2.15 | M57: 1596.47 | N57: 1596 | O57: 132468 | P57: =((DATE(MID(K57,7,4),MID(K57,4,2),LEFT(K57,2))+TIMEVALUE(RIGHT(K57,LEN(K57)-11)))-(DATE(MID(J57,7,4),MID(J57,4,2),LEFT(J57,2))+TIMEVALUE(RIGHT(J57,LEN(J57)-11))))*24 -> 131.05 | Q57: =IF(F57<30,"Underutilized",IF(F57<70,"Normal","High")) -> Underutilized | R57: =IF(G57<40,"Underutilized",IF(G57<75,"Normal","High")) -> High | S57: =(H57+I57)/1073741824 -> 79.617762 | T57: =IF(O57>AVERAGE($O$2:$O$500),"High Cost","Normal Cost") -> Normal Cost | U57: =((F57+G57)/2)/(O57/100) -> 0.047754929
A58: res-8EKE64Y9 | B58: Cloud Spanner | C58: 961.1396 | D58: Requests | E58: us-central1 | F58: 55.96 | G58: 8.8 | H58: 13441390615 | I58: 15127259133 | J58: 45419.645 | K58: 45603.317 | L58: 8.81 | M58: 8467.64 | N58: 8468 | O58: 702844 | P58: =((DATE(MID(K58,7,4),MID(K58,4,2),LEFT(K58,2))+TIMEVALUE(RIGHT(K58,LEN(K58)-11)))-(DATE(MID(J58,7,4),MID(J58,4,2),LEFT(J58,2))+TIMEVALUE(RIGHT(J58,LEN(J58)-11))))*24 -> 136.13333 | Q58: =IF(F58<30,"Underutilized",IF(F58<70,"Normal","High")) -> Normal | R58: =IF(G58<40,"Underutilized",IF(G58<75,"Normal","High")) -> Underutilized | S58: =(H58+I58)/1073741824 -> 26.606628 | T58: =IF(O58>AVERAGE($O$2:$O$500),"High Cost","Normal Cost") -> High Cost | U58: =((F58+G58)/2)/(O58/100) -> 0.0046069967
A59: res-5JQE0V7N | B59: Container Registry | C59: 227.7202 | D59: GB | E59: us-west1 | F59: 54.59 | G59: 42.02 | H59: 79528411554 | I59: 87175086484 | J59: 45450.037 | K59: 45511.097 | L59: 8.03 | M59: 1828.59 | N59: 1829 | O59: 151807 | P59: =((DATE(MID(K59,7,4),MID(K59,4,2),LEFT(K59,2))+TIMEVALUE(RIGHT(K59,LEN(K59)-11)))-(DATE(MID(J59,7,4),MID(J59,4,2),LEFT(J59,2))+TIMEVALUE(RIGHT(J59,LEN(J59)-11))))*24 -> 49.433333 | Q59: =IF(F59<30,"Underutilized",IF(F59<70,"Normal","High")) -> Normal | R59: =IF(G59<40,"Underutilized",IF(G59<75,"Normal","High")) -> Normal | S59: =(H59+I59)/1073741824 -> 155.25473 | T59: =IF(O59>AVERAGE($O$2:$O$500),"High Cost","Normal Cost") -> Normal Cost | U59: =((F59+G59)/2)/(O59/100) -> 0.031820008
A60: res-IGDCS3TU | B60: Cloud Load Balancing | C60: 960.8627 | D60: GB | E60: europe-north1 | F60: 15.27 | G60: 94.05 | H60: 93545537622 | I60: 98590543085 | J60: 45390.099 | K60: 45451.953 | L60: 1.81 | M60: 1739.16 | N60: 1739 | O60: 144337 | P60: =((DATE(MID(K60,7,4),MID(K60,4,2),LEFT(K60,2))+TIMEVALUE(RIGHT(K60,LEN(K60)-11)))-(DATE(MID(J60,7,4),MID(J60,4,2),LEFT(J60,2))+TIMEVALUE(RIGHT(J60,LEN(J60)-11))))*24 -> 68.5 | Q60: =IF(F60<30,"Underutilized",IF(F60<70,"Normal","High")) -> Underutilized | R60: =IF(G60<40,"Underutilized",IF(G60<75,"Normal","High")) -> High | S60: =(H60+I60)/1073741824 -> 178.94067 | T60: =IF(O60>AVERAGE($O$2:$O$500),"High Cost","Normal Cost") -> Normal Cost | U60: =((F60+G60)/2)/(O60/100) -> 0.037869708
A61: res-UPEK7TGF | B61: Cloud Armor | C61: 339.41 | D61: Requests | E61: europe-west3 | F61: 88.22 | G61: 64.11 | H61: 90527835813 | I61: 92142710021 | J61: 45358.535 | K61: 45542.518 | L61: 4.35 | M61: 1476.43 | N61: 1476 | O61: 122508 | P61: =((DATE(MID(K61,7,4),MID(K61,4,2),LEFT(K61,2))+TIMEVALUE(RIGHT(K61,LEN(K61)-11)))-(DATE(MID(J61,7,4),MID(J61,4,2),LEFT(J61,2))+TIMEVALUE(RIGHT(J61,LEN(J61)-11))))*24 -> 143.58333 | Q61: =IF(F61<30,"Underutilized",IF(F61<70,"Normal","High")) -> High | R61: =IF(G61<40,"Underutilized",IF(G61<75,"Normal","High")) -> Normal | S61: =(H61+I61)/1073741824 -> 170.1252 | T61: =IF(O61>AVERAGE($O$2:$O$500),"High Cost","Normal Cost") -> Normal Cost | U61: =((F61+G61)/2)/(O61/100) -> 0.06217145
A62: res-Q31L0E0M | B62: Cloud Interconnect | C62: 132.8637 | D62: Requests | E62: us-central1 | F62: 68.3 | G62: 65.19 | H62: 67918645337 | I62: 73433835245 | J62: 45511.312 | K62: 45542.888 | L62: 1.39 | M62: 184.68 | N62: 185 | O62: 15355 | P62: =((DATE(MID(K62,7,4),MID(K62,4,2),LEFT(K62,2))+TIMEVALUE(RIGHT(K62,LEN(K62)-11)))-(DATE(MID(J62,7,4),MID(J62,4,2),LEFT(J62,2))+TIMEVALUE(RIGHT(J62,LEN(J62)-11))))*24 -> 37.816667 | Q62: =IF(F62<30,"Underutilized",IF(F62<70,"Normal","High")) -> Normal | R62: =IF(G62<40,"Underutilized",IF(G62<75,"Normal","High")) -> Normal | S62: =(H62+I62)/1073741824 -> 131.64476 | T62: =IF(O62>AVERAGE($O$2:$O$500),"High Cost","Normal Cost") -> Normal Cost | U62: =((F62+G62)/2)/(O62/100) -> 0.43467926
A63: res-3DE1XB74 | B63: Cloud SQL | C63: 102.9044 | D63: GB | E63: asia-northeast1 | F63: 91.67 | G63: 72.89 | H63: 95888780202 | I63: 105066000000 | J63: 31-07-2024 02:06 | K63: 45390.211 | L63: 3.33 | M63: 342.67 | N63: 343 | O63: 28469 | P63: =((DATE(MID(K63,7,4),MID(K63,4,2),LEFT(K63,2))+TIMEVALUE(RIGHT(K63,LEN(K63)-11)))-(DATE(MID(J63,7,4),MID(J63,4,2),LEFT(J63,2))+TIMEVALUE(RIGHT(J63,LEN(J63)-11))))*24 -> 98.966667 | Q63: =IF(F63<30,"Underutilized",IF(F63<70,"Normal","High")) -> High | R63: =IF(G63<40,"Underutilized",IF(G63<75,"Normal","High")) -> Normal | S63: =(H63+I63)/1073741824 -> 187.15372 | T63: =IF(O63>AVERAGE($O$2:$O$500),"High Cost","Normal Cost") -> Normal Cost | U63: =((F63+G63)/2)/(O63/100) -> 0.28901612
A64: res-WRHTSLS8 | B64: Cloud Endpoints | C64: 271.0462 | D64: GB | E64: europe-west1 | F64: 74.75 | G64: 64.91 | H64: 44584192276 | I64: 47193477596 | J64: 15-08-2024 16:59 | K64: 21-08-2024 03:45 | L64: 4.93 | M64: 1336.26 | N64: 1336 | O64: 110888 | P64: =((DATE(MID(K64,7,4),MID(K64,4,2),LEFT(K64,2))+TIMEVALUE(RIGHT(K64,LEN(K64)-11)))-(DATE(MID(J64,7,4),MID(J64,4,2),LEFT(J64,2))+TIMEVALUE(RIGHT(J64,LEN(J64)-11))))*24 -> 130.76667 | Q64: =IF(F64<30,"Underutilized",IF(F64<70,"Normal","High")) -> High | R64: =IF(G64<40,"Underutilized",IF(G64<75,"Normal","High")) -> Normal | S64: =(H64+I64)/1073741824 -> 85.474616 | T64: =IF(O64>AVERAGE($O$2:$O$500),"High Cost","Normal Cost") -> Normal Cost | U64: =((F64+G64)/2)/(O64/100) -> 0.062973451
A65: res-YAJ9RWIJ | B65: Cloud Memorystore | C65: 940.1312 | D65: Requests | E65: us-east1 | F65: 67.13 | G65: 85.12 | H65: 36054564196 | I65: 37215668282 | J65: 19-07-2024 10:32 | K65: 24-07-2024 08:12 | L65: 7.7 | M65: 7239.01 | N65: 7239 | O65: 600837 | P65: =((DATE(MID(K65,7,4),MID(K65,4,2),LEFT(K65,2))+TIMEVALUE(RIGHT(K65,LEN(K65)-11)))-(DATE(MID(J65,7,4),MID(J65,4,2),LEFT(J65,2))+TIMEVALUE(RIGHT(J65,LEN(J65)-11))))*24 -> 117.66667 | Q65: =IF(F65<30,"Underutilized",IF(F65<70,"Normal","High")) -> Normal | R65: =IF(G65<40,"Underutilized",IF(G65<75,"Normal","High")) -> High | S65: =(H65+I65)/1073741824 -> 68.238222 | T65: =IF(O65>AVERAGE($O$2:$O$500),"High Cost","Normal Cost") -> High Cost | U65: =((F65+G65)/2)/(O65/100) -> 0.012669826
A66: res-J1A4NFH8 | B66: Cloud VPN | C66: 789.3788 | D66: GB | E66: us-east1 | F66: 32.32 | G66: 14.03 | H66: 97102223452 | I66: 103176000000 | J66: 45359.965 | K66: 45420.735 | L66: 6.17 | M66: 4870.47 | N66: 4870 | O66: 404210 | P66: =((DATE(MID(K66,7,4),MID(K66,4,2),LEFT(K66,2))+TIMEVALUE(RIGHT(K66,LEN(K66)-11)))-(DATE(MID(J66,7,4),MID(J66,4,2),LEFT(J66,2))+TIMEVALUE(RIGHT(J66,LEN(J66)-11))))*24 -> 42.466667 | Q66: =IF(F66<30,"Underutilized",IF(F66<70,"Normal","High")) -> Normal | R66: =IF(G66<40,"Underutilized",IF(G66<75,"Normal","High")) -> Underutilized | S66: =(H66+I66)/1073741824 -> 186.52363 | T66: =IF(O66>AVERAGE($O$2:$O$500),"High Cost","Normal Cost") -> High Cost | U66: =((F66+G66)/2)/(O66/100) -> 0.0057334059
A67: res-EALEFOKP | B67: Compute Engine | C67: 64.1167 | D67: Hours | E67: us-west1 | F67: 46.3 | G67: 93.62 | H67: 66523795050 | I67: 68069673690 | J67: 19-07-2024 23:26 | K67: 22-07-2024 15:33 | L67: 2.07 | M67: 132.72 | N67: 133 | O67: 11039 | P67: =((DATE(MID(K67,7,4),MID(K67,4,2),LEFT(K67,2))+TIMEVALUE(RIGHT(K67,LEN(K67)-11)))-(DATE(MID(J67,7,4),MID(J67,4,2),LEFT(J67,2))+TIMEVALUE(RIGHT(J67,LEN(J67)-11))))*24 -> 64.116667 | Q67: =IF(F67<30,"Underutilized",IF(F67<70,"Normal","High")) -> Normal | R67: =IF(G67<40,"Underutilized",IF(G67<75,"Normal","High")) -> High | S67: =(H67+I67)/1073741824 -> 125.34994 | T67: =IF(O67>AVERAGE($O$2:$O$500),"High Cost","Normal Cost") -> Normal Cost | U67: =((F67+G67)/2)/(O67/100) -> 0.63375306
A68: res-WN4BM9FD | B68: BigQuery | C68: 804.4451 | D68: Requests | E68: australia-southeast1 | F68: 99.56 | G68: 53.42 | H68: 50602995142 | I68: 59486535960 | J68: 45419.051 | K68: 45450.298 | L68: 6.8 | M68: 5470.23 | N68: 5470 | O68: 454010 | P68: =((DATE(MID(K68,7,4),MID(K68,4,2),LEFT(K68,2))+TIMEVALUE(RIGHT(K68,LEN(K68)-11)))-(DATE(MID(J68,7,4),MID(J68,4,2),LEFT(J68,2))+TIMEVALUE(RIGHT(J68,LEN(J68)-11))))*24 -> 29.933333 | Q68: =IF(F68<30,"Underutilized",IF(F68<70,"Normal","High")) -> High | R68: =IF(G68<40,"Underutilized",IF(G68<75,"Normal","High")) -> Normal | S68: =(H68+I68)/1073741824 -> 102.52887 | T68: =IF(O68>AVERAGE($O$2:$O$500),"High Cost","Normal Cost") -> High Cost | U68: =((F68+G68)/2)/(O68/100) -> 0.016847647
A69: res-TATL6NKT | B69: Cloud NAT | C69: 16.8701 | D69: Requests | E69: asia-southeast1 | F69: 35.67 | G69: 78.98 | H69: 84728951352 | I69: 86143096111 | J69: 28-07-2024 19:53 | K69: 45359.372 | L69: 9.35 | M69: 157.74 | N69: 158 | O69: 13114 | P69: =((DATE(MID(K69,7,4),MID(K69,4,2),LEFT(K69,2))+TIMEVALUE(RIGHT(K69,LEN(K69)-11)))-(DATE(MID(J69,7,4),MID(J69,4,2),LEFT(J69,2))+TIMEVALUE(RIGHT(J69,LEN(J69)-11))))*24 -> 133.03333 | Q69: =IF(F69<30,"Underutilized",IF(F69<70,"Normal","High")) -> Normal | R69: =IF(G69<40,"Underutilized",IF(G69<75,"Normal","High")) -> High | S69: =(H69+I69)/1073741824 -> 159.137 | T69: =IF(O69>AVERAGE($O$2:$O$500),"High Cost","Normal Cost") -> Normal Cost | U69: =((F69+G69)/2)/(O69/100) -> 0.43712826
A70: res-OJK06WNM | B70: Container Registry | C70: 86.0206 | D70: Requests | E70: europe-west3 | F70: 0.17 | G70: 34.07 | H70: 4991176366 | I70: 8627486927 | J70: 24-08-2024 15:41 | K70: 28-08-2024 22:58 | L70: 8.54 | M70: 734.62 | N70: 735 | O70: 61005 | P70: =((DATE(MID(K70,7,4),MID(K70,4,2),LEFT(K70,2))+TIMEVALUE(RIGHT(K70,LEN(K70)-11)))-(DATE(MID(J70,7,4),MID(J70,4,2),LEFT(J70,2))+TIMEVALUE(RIGHT(J70,LEN(J70)-11))))*24 -> 103.28333 | Q70: =IF(F70<30,"Underutilized",IF(F70<70,"Normal","High")) -> Underutilized | R70: =IF(G70<40,"Underutilized",IF(G70<75,"Normal","High")) -> Underutilized | S70: =(H70+I70)/1073741824 -> 12.683369 | T70: =IF(O70>AVERAGE($O$2:$O$500),"High Cost","Normal Cost") -> Normal Cost | U70: =((F70+G70)/2)/(O70/100) -> 0.028063273
A71: res-ASTO68FD | B71: Cloud Dataproc | C71: 107.9329 | D71: Requests | E71: southamerica-east1 | F71: 97.14 | G71: 54.14 | H71: 91345077372 | I71: 95871025046 | J71: 45450.471 | K71: 45633.086 | L71: 4.22 | M71: 455.48 | N71: 455 | O71: 37765 | P71: =((DATE(MID(K71,7,4),MID(K71,4,2),LEFT(K71,2))+TIMEVALUE(RIGHT(K71,LEN(K71)-11)))-(DATE(MID(J71,7,4),MID(J71,4,2),LEFT(J71,2))+TIMEVALUE(RIGHT(J71,LEN(J71)-11))))*24 -> 134.76667 | Q71: =IF(F71<30,"Underutilized",IF(F71<70,"Normal","High")) -> High | R71: =IF(G71<40,"Underutilized",IF(G71<75,"Normal","High")) -> Normal | S71: =(H71+I71)/1073741824 -> 174.35858 | T71: =IF(O71>AVERAGE($O$2:$O$500),"High Cost","Normal Cost") -> Normal Cost | U71: =((F71+G71)/2)/(O71/100) -> 0.20029127
A72: res-F3P3S9SJ | B72: Cloud Armor | C72: 410.0347 | D72: Requests | E72: europe-north1 | F72: 24.22 | G72: 20.83 | H72: 69278146151 | I72: 72893012474 | J72: 45480.708 | K72: 45633.307 | L72: 5.01 | M72: 2054.27 | N72: 2054 | O72: 170482 | P72: =((DATE(MID(K72,7,4),MID(K72,4,2),LEFT(K72,2))+TIMEVALUE(RIGHT(K72,LEN(K72)-11)))-(DATE(MID(J72,7,4),MID(J72,4,2),LEFT(J72,2))+TIMEVALUE(RIGHT(J72,LEN(J72)-11))))*24 -> 110.36667 | Q72: =IF(F72<30,"Underutilized",IF(F72<70,"Normal","High")) -> Underutilized | R72: =IF(G72<40,"Underutilized",IF(G72<75,"Normal","High")) -> Underutilized | S72: =(H72+I72)/1073741824 -> 132.40721 | T72: =IF(O72>AVERAGE($O$2:$O$500),"High Cost","Normal Cost") -> Normal Cost | U72: =((F72+G72)/2)/(O72/100) -> 0.013212539
A73: res-R96K0UAA | B73: Dataflow | C73: 58.0667 | D73: Hours | E73: southamerica-east1 | F73: 21.65 | G73: 16.41 | H73: 6419077674 | I73: 12557263383 | J73: 14-08-2024 14:50 | K73: 17-08-2024 00:54 | L73: 3.48 | M73: 202.07 | N73: 202 | O73: 16766 | P73: =((DATE(MID(K73,7,4),MID(K73,4,2),LEFT(K73,2))+TIMEVALUE(RIGHT(K73,LEN(K73)-11)))-(DATE(MID(J73,7,4),MID(J73,4,2),LEFT(J73,2))+TIMEVALUE(RIGHT(J73,LEN(J73)-11))))*24 -> 58.066667 | Q73: =IF(F73<30,"Underutilized",IF(F73<70,"Normal","High")) -> Underutilized | R73: =IF(G73<40,"Underutilized",IF(G73<75,"Normal","High")) -> Underutilized | S73: =(H73+I73)/1073741824 -> 17.673095 | T73: =IF(O73>AVERAGE($O$2:$O$500),"High Cost","Normal Cost") -> Normal Cost | U73: =((F73+G73)/2)/(O73/100) -> 0.11350352
A74: res-UF72S2ZA | B74: Cloud Build | C74: 868.3373 | D74: GB | E74: us-central1 | F74: 48.26 | G74: 26.13 | H74: 86582029073 | I74: 91881245355 | J74: 17-08-2024 12:09 | K74: 22-08-2024 03:54 | L74: 8.91 | M74: 7736.89 | N74: 7737 | O74: 642171 | P74: =((DATE(MID(K74,7,4),MID(K74,4,2),LEFT(K74,2))+TIMEVALUE(RIGHT(K74,LEN(K74)-11)))-(DATE(MID(J74,7,4),MID(J74,4,2),LEFT(J74,2))+TIMEVALUE(RIGHT(J74,LEN(J74)-11))))*24 -> 111.75 | Q74: =IF(F74<30,"Underutilized",IF(F74<70,"Normal","High")) -> Normal | R74: =IF(G74<40,"Underutilized",IF(G74<75,"Normal","High")) -> Underutilized | S74: =(H74+I74)/1073741824 -> 166.20688 | T74: =IF(O74>AVERAGE($O$2:$O$500),"High Cost","Normal Cost") -> High Cost | U74: =((F74+G74)/2)/(O74/100) -> 0.005792071
A75: res-SPITPRK0 | B75: Compute Engine | C75: 103.5667 | D75: Hours | E75: us-central1 | F75: 64.54 | G75: 62.33 | H75: 76959968688 | I75: 84668376889 | J75: 45330.997 | K75: 45481.312 | L75: 4.88 | M75: 505.41 | N75: 505 | O75: 41915 | P75: =((DATE(MID(K75,7,4),MID(K75,4,2),LEFT(K75,2))+TIMEVALUE(RIGHT(K75,LEN(K75)-11)))-(DATE(MID(J75,7,4),MID(J75,4,2),LEFT(J75,2))+TIMEVALUE(RIGHT(J75,LEN(J75)-11))))*24 -> 103.56667 | Q75: =IF(F75<30,"Underutilized",IF(F75<70,"Normal","High")) -> Normal | R75: =IF(G75<40,"Underutilized",IF(G75<75,"Normal","High")) -> Normal | S75: =(H75+I75)/1073741824 -> 150.52813 | T75: =IF(O75>AVERAGE($O$2:$O$500),"High Cost","Normal Cost") -> Normal Cost | U75: =((F75+G75)/2)/(O75/100) -> 0.151342
A76: res-KENC5DI4 | B76: Cloud Interconnect | C76: 511.4297 | D76: GB | E76: europe-north1 | F76: 14.87 | G76: 73.22 | H76: 60637102983 | I76: 68397913897 | J76: 19-07-2024 06:35 | K76: 21-07-2024 00:30 | L76: 2 | M76: 1022.86 | N76: 1023 | O76: 84909 | P76: =((DATE(MID(K76,7,4),MID(K76,4,2),LEFT(K76,2))+TIMEVALUE(RIGHT(K76,LEN(K76)-11)))-(DATE(MID(J76,7,4),MID(J76,4,2),LEFT(J76,2))+TIMEVALUE(RIGHT(J76,LEN(J76)-11))))*24 -> 41.916667 | Q76: =IF(F76<30,"Underutilized",IF(F76<70,"Normal","High")) -> Underutilized | R76: =IF(G76<40,"Underutilized",IF(G76<75,"Normal","High")) -> Normal | S76: =(H76+I76)/1073741824 -> 120.17322 | T76: =IF(O76>AVERAGE($O$2:$O$500),"High Cost","Normal Cost") -> Normal Cost | U76: =((F76+G76)/2)/(O76/100) -> 0.051873182
A77: res-N4DACW72 | B77: Cloud CDN | C77: 536.385 | D77: GB | E77: asia-southeast1 | F77: 58.59 | G77: 56.39 | H77: 11254718888 | I77: 15903336432 | J77: 28-08-2024 23:54 | K77: 45331.973 | L77: 1.37 | M77: 734.85 | N77: 735 | O77: 61005 | P77: =((DATE(MID(K77,7,4),MID(K77,4,2),LEFT(K77,2))+TIMEVALUE(RIGHT(K77,LEN(K77)-11)))-(DATE(MID(J77,7,4),MID(J77,4,2),LEFT(J77,2))+TIMEVALUE(RIGHT(J77,LEN(J77)-11))))*24 -> 119.45 | Q77: =IF(F77<30,"Underutilized",IF(F77<70,"Normal","High")) -> Normal | R77: =IF(G77<40,"Underutilized",IF(G77<75,"Normal","High")) -> Normal | S77: =(H77+I77)/1073741824 -> 25.29291 | T77: =IF(O77>AVERAGE($O$2:$O$500),"High Cost","Normal Cost") -> Normal Cost | U77: =((F77+G77)/2)/(O77/100) -> 0.094238177
A78: res-UMDNFSOR | B78: AI Platform | C78: 50.7833 | D78: Hours | E78: us-central1 | F78: 62.22 | G78: 76.15 | H78: 20012839291 | I78: 24993496937 | J78: 13-08-2024 19:31 | K78: 15-08-2024 22:18 | L78: 3.31 | M78: 168.09 | N78: 168 | O78: 13944 | P78: =((DATE(MID(K78,7,4),MID(K78,4,2),LEFT(K78,2))+TIMEVALUE(RIGHT(K78,LEN(K78)-11)))-(DATE(MID(J78,7,4),MID(J78,4,2),LEFT(J78,2))+TIMEVALUE(RIGHT(J78,LEN(J78)-11))))*24 -> 50.783333 | Q78: =IF(F78<30,"Underutilized",IF(F78<70,"Normal","High")) -> Normal | R78: =IF(G78<40,"Underutilized",IF(G78<75,"Normal","High")) -> High | S78: =(H78+I78)/1073741824 -> 41.915417 | T78: =IF(O78>AVERAGE($O$2:$O$500),"High Cost","Normal Cost") -> Normal Cost | U78: =((F78+G78)/2)/(O78/100) -> 0.49616322
A79: res-PAQEKYLT | B79: Container Registry | C79: 755.6246 | D79: GB | E79: europe-west1 | F79: 40.49 | G79: 63.72 | H79: 94863560207 | I79: 102431000000 | J79: 45572.013 | K79: 13-07-2024 06:46 | L79: 7.33 | M79: 5538.73 | N79: 5539 | O79: 459737 | P79: =((DATE(MID(K79,7,4),MID(K79,4,2),LEFT(K79,2))+TIMEVALUE(RIGHT(K79,LEN(K79)-11)))-(DATE(MID(J79,7,4),MID(J79,4,2),LEFT(J79,2))+TIMEVALUE(RIGHT(J79,LEN(J79)-11))))*24 -> 78.45 | Q79: =IF(F79<30,"Underutilized",IF(F79<70,"Normal","High")) -> Normal | R79: =IF(G79<40,"Underutilized",IF(G79<75,"Normal","High")) -> Normal | S79: =(H79+I79)/1073741824 -> 183.74488 | T79: =IF(O79>AVERAGE($O$2:$O$500),"High Cost","Normal Cost") -> High Cost | U79: =((F79+G79)/2)/(O79/100) -> 0.011333654
A80: res-7WNF8X7W | B80: Cloud VPC | C80: 500.0325 | D80: Requests | E80: asia-east1 | F80: 8.38 | G80: 45.3 | H80: 39575109900 | I80: 48363862744 | J80: 16-07-2024 05:09 | K80: 20-07-2024 09:14 | L80: 2.46 | M80: 1230.08 | N80: 1230 | O80: 102090 | P80: =((DATE(MID(K80,7,4),MID(K80,4,2),LEFT(K80,2))+TIMEVALUE(RIGHT(K80,LEN(K80)-11)))-(DATE(MID(J80,7,4),MID(J80,4,2),LEFT(J80,2))+TIMEVALUE(RIGHT(J80,LEN(J80)-11))))*24 -> 100.08333 | Q80: =IF(F80<30,"Underutilized",IF(F80<70,"Normal","High")) -> Underutilized | R80: =IF(G80<40,"Underutilized",IF(G80<75,"Normal","High")) -> Normal | S80: =(H80+I80)/1073741824 -> 81.89955 | T80: =IF(O80>AVERAGE($O$2:$O$500),"High Cost","Normal Cost") -> Normal Cost | U80: =((F80+G80)/2)/(O80/100) -> 0.026290528
A81: res-183YWOLN | B81: Cloud Armor | C81: 647.2573 | D81: Requests | E81: europe-west1 | F81: 83.58 | G81: 21.8 | H81: 69192548519 | I81: 74267252272 | J81: 25-07-2024 07:07 | K81: 28-07-2024 22:08 | L81: 5.94 | M81: 3844.71 | N81: 3845 | O81: 319135 | P81: =((DATE(MID(K81,7,4),MID(K81,4,2),LEFT(K81,2))+TIMEVALUE(RIGHT(K81,LEN(K81)-11)))-(DATE(MID(J81,7,4),MID(J81,4,2),LEFT(J81,2))+TIMEVALUE(RIGHT(J81,LEN(J81)-11))))*24 -> 87.016667 | Q81: =IF(F81<30,"Underutilized",IF(F81<70,"Normal","High")) -> High | R81: =IF(G81<40,"Underutilized",IF(G81<75,"Normal","High")) -> Underutilized | S81: =(H81+I81)/1073741824 -> 133.60735 | T81: =IF(O81>AVERAGE($O$2:$O$500),"High Cost","Normal Cost") -> High Cost | U81: =((F81+G81)/2)/(O81/100) -> 0.016510254
A82: res-QZSVFSSA | B82: Cloud Spanner | C82: 325.0195 | D82: Requests | E82: southamerica-east1 | F82: 7.74 | G82: 32.63 | H82: 4134917123 | I82: 11405712912 | J82: 45359.697 | K82: 45512.919 | L82: 9.87 | M82: 3207.94 | N82: 3208 | O82: 266264 | P82: =((DATE(MID(K82,7,4),MID(K82,4,2),LEFT(K82,2))+TIMEVALUE(RIGHT(K82,LEN(K82)-11)))-(DATE(MID(J82,7,4),MID(J82,4,2),LEFT(J82,2))+TIMEVALUE(RIGHT(J82,LEN(J82)-11))))*24 -> 125.33333 | Q82: =IF(F82<30,"Underutilized",IF(F82<70,"Normal","High")) -> Underutilized | R82: =IF(G82<40,"Underutilized",IF(G82<75,"Normal","High")) -> Underutilized | S82: =(H82+I82)/1073741824 -> 14.47334 | T82: =IF(O82>AVERAGE($O$2:$O$500),"High Cost","Normal Cost") -> High Cost | U82: =((F82+G82)/2)/(O82/100) -> 0.007580822
A83: res-ACEAM0OK | B83: Cloud Dataproc | C83: 876.9623 | D83: Requests | E83: australia-southeast1 | F83: 69.75 | G83: 67.91 | H83: 48325139711 | I83: 48893087132 | J83: 45450.69 | K83: 45542.398 | L83: 9.61 | M83: 8427.61 | N83: 8428 | O83: 699524 | P83: =((DATE(MID(K83,7,4),MID(K83,4,2),LEFT(K83,2))+TIMEVALUE(RIGHT(K83,LEN(K83)-11)))-(DATE(MID(J83,7,4),MID(J83,4,2),LEFT(J83,2))+TIMEVALUE(RIGHT(J83,LEN(J83)-11))))*24 -> 64.983333 | Q83: =IF(F83<30,"Underutilized",IF(F83<70,"Normal","High")) -> Normal | R83: =IF(G83<40,"Underutilized",IF(G83<75,"Normal","High")) -> Normal | S83: =(H83+I83)/1073741824 -> 90.541529 | T83: =IF(O83>AVERAGE($O$2:$O$500),"High Cost","Normal Cost") -> High Cost | U83: =((F83+G83)/2)/(O83/100) -> 0.009839548
A84: res-S463U44F | B84: Cloud Memorystore | C84: 324.1135 | D84: GB | E84: europe-west1 | F84: 53.21 | G84: 24.7 | H84: 56424730118 | I84: 64549627602 | J84: 19-07-2024 12:19 | K84: 23-07-2024 02:49 | L84: 9.12 | M84: 2955.92 | N84: 2956 | O84: 245348 | P84: =((DATE(MID(K84,7,4),MID(K84,4,2),LEFT(K84,2))+TIMEVALUE(RIGHT(K84,LEN(K84)-11)))-(DATE(MID(J84,7,4),MID(J84,4,2),LEFT(J84,2))+TIMEVALUE(RIGHT(J84,LEN(J84)-11))))*24 -> 86.5 | Q84: =IF(F84<30,"Underutilized",IF(F84<70,"Normal","High")) -> Normal | R84: =IF(G84<40,"Underutilized",IF(G84<75,"Normal","High")) -> Underutilized | S84: =(H84+I84)/1073741824 -> 112.66615 | T84: =IF(O84>AVERAGE($O$2:$O$500),"High Cost","Normal Cost") -> High Cost | U84: =((F84+G84)/2)/(O84/100) -> 0.015877448
A85: res-1MJM7FDN | B85: Cloud CDN | C85: 269.1385 | D85: GB | E85: europe-west3 | F85: 0.15 | G85: 73.37 | H85: 89921435525 | I85: 96947138575 | J85: 20-07-2024 17:12 | K85: 23-07-2024 00:45 | L85: 4.86 | M85: 1308.01 | N85: 1308 | O85: 108564 | P85: =((DATE(MID(K85,7,4),MID(K85,4,2),LEFT(K85,2))+TIMEVALUE(RIGHT(K85,LEN(K85)-11)))-(DATE(MID(J85,7,4),MID(J85,4,2),LEFT(J85,2))+TIMEVALUE(RIGHT(J85,LEN(J85)-11))))*24 -> 55.55 | Q85: =IF(F85<30,"Underutilized",IF(F85<70,"Normal","High")) -> Underutilized | R85: =IF(G85<40,"Underutilized",IF(G85<75,"Normal","High")) -> Normal | S85: =(H85+I85)/1073741824 -> 174.03492 | T85: =IF(O85>AVERAGE($O$2:$O$500),"High Cost","Normal Cost") -> Normal Cost | U85: =((F85+G85)/2)/(O85/100) -> 0.033860211
A86: res-5ZMFEUSN | B86: Cloud VPN | C86: 955.6515 | D86: GB | E86: southamerica-east1 | F86: 17.81 | G86: 79.33 | H86: 19838594075 | I86: 19871372484 | J86: 27-07-2024 19:28 | K86: 29-07-2024 13:39 | L86: 2.79 | M86: 2666.27 | N86: 2666 | O86: 221278 | P86: =((DATE(MID(K86,7,4),MID(K86,4,2),LEFT(K86,2))+TIMEVALUE(RIGHT(K86,LEN(K86)-11)))-(DATE(MID(J86,7,4),MID(J86,4,2),LEFT(J86,2))+TIMEVALUE(RIGHT(J86,LEN(J86)-11))))*24 -> 42.183333 | Q86: =IF(F86<30,"Underutilized",IF(F86<70,"Normal","High")) -> Underutilized | R86: =IF(G86<40,"Underutilized",IF(G86<75,"Normal","High")) -> High | S86: =(H86+I86)/1073741824 -> 36.982788 | T86: =IF(O86>AVERAGE($O$2:$O$500),"High Cost","Normal Cost") -> High Cost | U86: =((F86+G86)/2)/(O86/100) -> 0.021949765
A87: res-0XZC95XI | B87: Cloud Interconnect | C87: 251.7631 | D87: GB | E87: us-east1 | F87: 48.02 | G87: 36.94 | H87: 17720150775 | I87: 21629763823 | J87: 45480.585 | K87: 45603.465 | L87: 5.91 | M87: 1487.92 | N87: 1488 | O87: 123504 | P87: =((DATE(MID(K87,7,4),MID(K87,4,2),LEFT(K87,2))+TIMEVALUE(RIGHT(K87,LEN(K87)-11)))-(DATE(MID(J87,7,4),MID(J87,4,2),LEFT(J87,2))+TIMEVALUE(RIGHT(J87,LEN(J87)-11))))*24 -> 93.116667 | Q87: =IF(F87<30,"Underutilized",IF(F87<70,"Normal","High")) -> Normal | R87: =IF(G87<40,"Underutilized",IF(G87<75,"Normal","High")) -> Underutilized | S87: =(H87+I87)/1073741824 -> 36.647464 | T87: =IF(O87>AVERAGE($O$2:$O$500),"High Cost","Normal Cost") -> Normal Cost | U87: =((F87+G87)/2)/(O87/100) -> 0.034395647
A88: res-UYX9HR56 | B88: Cloud Build | C88: 474.1196 | D88: GB | E88: us-east1 | F88: 99.31 | G88: 49.17 | H88: 23586761723 | I88: 23997356455 | J88: 17-08-2024 14:56 | K88: 21-08-2024 09:03 | L88: 9.93 | M88: 4708.01 | N88: 4708 | O88: 390764 | P88: =((DATE(MID(K88,7,4),MID(K88,4,2),LEFT(K88,2))+TIMEVALUE(RIGHT(K88,LEN(K88)-11)))-(DATE(MID(J88,7,4),MID(J88,4,2),LEFT(J88,2))+TIMEVALUE(RIGHT(J88,LEN(J88)-11))))*24 -> 90.116667 | Q88: =IF(F88<30,"Underutilized",IF(F88<70,"Normal","High")) -> High | R88: =IF(G88<40,"Underutilized",IF(G88<75,"Normal","High")) -> Normal | S88: =(H88+I88)/1073741824 -> 44.316163 | T88: =IF(O88>AVERAGE($O$2:$O$500),"High Cost","Normal Cost") -> High Cost | U88: =((F88+G88)/2)/(O88/100) -> 0.01899868
A89: res-DJA0J2HT | B89: Container Registry | C89: 992.5085 | D89: Requests | E89: us-east1 | F89: 43.51 | G89: 62 | H89: 19452817894 | I89: 20430806523 | J89: 45634.205 | K89: 14-08-2024 20:36 | L89: 7.17 | M89: 7116.29 | N89: 7116 | O89: 590628 | P89: =((DATE(MID(K89,7,4),MID(K89,4,2),LEFT(K89,2))+TIMEVALUE(RIGHT(K89,LEN(K89)-11)))-(DATE(MID(J89,7,4),MID(J89,4,2),LEFT(J89,2))+TIMEVALUE(RIGHT(J89,LEN(J89)-11))))*24 -> 63.683333 | Q89: =IF(F89<30,"Underutilized",IF(F89<70,"Normal","High")) -> Normal | R89: =IF(G89<40,"Underutilized",IF(G89<75,"Normal","High")) -> Normal | S89: =(H89+I89)/1073741824 -> 37.14452 | T89: =IF(O89>AVERAGE($O$2:$O$500),"High Cost","Normal Cost") -> High Cost | U89: =((F89+G89)/2)/(O89/100) -> 0.0089320181
A90: res-YFTXHZ6V | B90: Cloud VPC | C90: 531.6863 | D90: GB | E90: us-west1 | F90: 53.93 | G90: 12.52 | H90: 3696418486 | I90: 12776658300 | J90: 45329.782 | K90: 45480.102 | L90: 9.6 | M90: 5104.19 | N90: 5104 | O90: 423632 | P90: =((DATE(MID(K90,7,4),MID(K90,4,2),LEFT(K90,2))+TIMEVALUE(RIGHT(K90,LEN(K90)-11)))-(DATE(MID(J90,7,4),MID(J90,4,2),LEFT(J90,2))+TIMEVALUE(RIGHT(J90,LEN(J90)-11))))*24 -> 103.68333 | Q90: =IF(F90<30,"Underutilized",IF(F90<70,"Normal","High")) -> Normal | R90: =IF(G90<40,"Underutilized",IF(G90<75,"Normal","High")) -> Underutilized | S90: =(H90+I90)/1073741824 -> 15.341748 | T90: =IF(O90>AVERAGE($O$2:$O$500),"High Cost","Normal Cost") -> High Cost | U90: =((F90+G90)/2)/(O90/100) -> 0.0078428919
A91: res-IF612JJD | B91: Cloud Run | C91: 26.6167 | D91: Hours | E91: us-east1 | F91: 14.82 | G91: 44.84 | H91: 88644466509 | I91: 88993172945 | J91: 45512.206 | K91: 45543.315 | L91: 6.88 | M91: 183.12 | N91: 183 | O91: 15189 | P91: =((DATE(MID(K91,7,4),MID(K91,4,2),LEFT(K91,2))+TIMEVALUE(RIGHT(K91,LEN(K91)-11)))-(DATE(MID(J91,7,4),MID(J91,4,2),LEFT(J91,2))+TIMEVALUE(RIGHT(J91,LEN(J91)-11))))*24 -> 26.616667 | Q91: =IF(F91<30,"Underutilized",IF(F91<70,"Normal","High")) -> Underutilized | R91: =IF(G91<40,"Underutilized",IF(G91<75,"Normal","High")) -> Normal | S91: =(H91+I91)/1073741824 -> 165.43794 | T91: =IF(O91>AVERAGE($O$2:$O$500),"High Cost","Normal Cost") -> Normal Cost | U91: =((F91+G91)/2)/(O91/100) -> 0.19639213
A92: res-P48QXSH3 | B92: Cloud Build | C92: 555.9826 | D92: Requests | E92: southamerica-east1 | F92: 2.24 | G92: 9.65 | H92: 30995393336 | I92: 34105264509 | J92: 15-08-2024 10:39 | K92: 17-08-2024 14:38 | L92: 4.35 | M92: 2418.52 | N92: 2419 | O92: 200777 | P92: =((DATE(MID(K92,7,4),MID(K92,4,2),LEFT(K92,2))+TIMEVALUE(RIGHT(K92,LEN(K92)-11)))-(DATE(MID(J92,7,4),MID(J92,4,2),LEFT(J92,2))+TIMEVALUE(RIGHT(J92,LEN(J92)-11))))*24 -> 51.983333 | Q92: =IF(F92<30,"Underutilized",IF(F92<70,"Normal","High")) -> Underutilized | R92: =IF(G92<40,"Underutilized",IF(G92<75,"Normal","High")) -> Underutilized | S92: =(H92+I92)/1073741824 -> 60.629712 | T92: =IF(O92>AVERAGE($O$2:$O$500),"High Cost","Normal Cost") -> High Cost | U92: =((F92+G92)/2)/(O92/100) -> 0.0029609965
A93: res-DMQNKYQI | B93: Container Registry | C93: 335.4807 | D93: GB | E93: europe-west3 | F93: 74.51 | G93: 0.51 | H93: 43819259319 | I93: 45650656604 | J93: 24-07-2024 08:29 | K93: 30-07-2024 01:45 | L93: 9.23 | M93: 3096.49 | N93: 3096 | O93: 256968 | P93: =((DATE(MID(K93,7,4),MID(K93,4,2),LEFT(K93,2))+TIMEVALUE(RIGHT(K93,LEN(K93)-11)))-(DATE(MID(J93,7,4),MID(J93,4,2),LEFT(J93,2))+TIMEVALUE(RIGHT(J93,LEN(J93)-11))))*24 -> 137.26667 | Q93: =IF(F93<30,"Underutilized",IF(F93<70,"Normal","High")) -> High | R93: =IF(G93<40,"Underutilized",IF(G93<75,"Normal","High")) -> Underutilized | S93: =(H93+I93)/1073741824 -> 83.325352 | T93: =IF(O93>AVERAGE($O$2:$O$500),"High Cost","Normal Cost") -> High Cost | U93: =((F93+G93)/2)/(O93/100) -> 0.014597148
A94: res-W17TJLS5 | B94: Cloud SQL | C94: 906.43 | D94: Requests | E94: northamerica-northeast1 | F94: 97.03 | G94: 1.48 | H94: 16632427891 | I94: 17804809971 | J94: 45542.39 | K94: 14-07-2024 02:52 | L94: 3.33 | M94: 3018.41 | N94: 3018 | O94: 250494 | P94: =((DATE(MID(K94,7,4),MID(K94,4,2),LEFT(K94,2))+TIMEVALUE(RIGHT(K94,LEN(K94)-11)))-(DATE(MID(J94,7,4),MID(J94,4,2),LEFT(J94,2))+TIMEVALUE(RIGHT(J94,LEN(J94)-11))))*24 -> 113.51667 | Q94: =IF(F94<30,"Underutilized",IF(F94<70,"Normal","High")) -> High | R94: =IF(G94<40,"Underutilized",IF(G94<75,"Normal","High")) -> Underutilized | S94: =(H94+I94)/1073741824 -> 32.072177 | T94: =IF(O94>AVERAGE($O$2:$O$500),"High Cost","Normal Cost") -> High Cost | U94: =((F94+G94)/2)/(O94/100) -> 0.019663146
A95: res-Y743O1KJ | B95: Cloud Endpoints | C95: 385.5739 | D95: Requests | E95: northamerica-northeast1 | F95: 69.4 | G95: 27.67 | H95: 62397005339 | I95: 72290287263 | J95: 21-08-2024 22:16 | K95: 26-08-2024 10:28 | L95: 4.56 | M95: 1758.22 | N95: 1758 | O95: 145914 | P95: =((DATE(MID(K95,7,4),MID(K95,4,2),LEFT(K95,2))+TIMEVALUE(RIGHT(K95,LEN(K95)-11)))-(DATE(MID(J95,7,4),MID(J95,4,2),LEFT(J95,2))+TIMEVALUE(RIGHT(J95,LEN(J95)-11))))*24 -> 108.2 | Q95: =IF(F95<30,"Underutilized",IF(F95<70,"Normal","High")) -> Normal | R95: =IF(G95<40,"Underutilized",IF(G95<75,"Normal","High")) -> Underutilized | S95: =(H95+I95)/1073741824 -> 125.43732 | T95: =IF(O95>AVERAGE($O$2:$O$500),"High Cost","Normal Cost") -> Normal Cost | U95: =((F95+G95)/2)/(O95/100) -> 0.033262744
A96: res-UOBIS97Y | B96: Cloud Run | C96: 127.3833 | D96: Hours | E96: asia-northeast1 | F96: 9.36 | G96: 66.82 | H96: 11088197445 | I96: 17528929285 | J96: 45573.722 | K96: 16-08-2024 00:43 | L96: 9.75 | M96: 1241.99 | N96: 1242 | O96: 103086 | P96: =((DATE(MID(K96,7,4),MID(K96,4,2),LEFT(K96,2))+TIMEVALUE(RIGHT(K96,LEN(K96)-11)))-(DATE(MID(J96,7,4),MID(J96,4,2),LEFT(J96,2))+TIMEVALUE(RIGHT(J96,LEN(J96)-11))))*24 -> 127.38333 | Q96: =IF(F96<30,"Underutilized",IF(F96<70,"Normal","High")) -> Underutilized | R96: =IF(G96<40,"Underutilized",IF(G96<75,"Normal","High")) -> Normal | S96: =(H96+I96)/1073741824 -> 26.651776 | T96: =IF(O96>AVERAGE($O$2:$O$500),"High Cost","Normal Cost") -> Normal Cost | U96: =((F96+G96)/2)/(O96/100) -> 0.036949731
A97: res-IPSRXLS0 | B97: Cloud Spanner | C97: 587.1242 | D97: GB | E97: europe-west1 | F97: 24.73 | G97: 11.63 | H97: 38218995247 | I97: 46836316447 | J97: 45329.04 | K97: 45450.051 | L97: 6.25 | M97: 3669.53 | N97: 3670 | O97: 304610 | P97: =((DATE(MID(K97,7,4),MID(K97,4,2),LEFT(K97,2))+TIMEVALUE(RIGHT(K97,LEN(K97)-11)))-(DATE(MID(J97,7,4),MID(J97,4,2),LEFT(J97,2))+TIMEVALUE(RIGHT(J97,LEN(J97)-11))))*24 -> 96.25 | Q97: =IF(F97<30,"Underutilized",IF(F97<70,"Normal","High")) -> Underutilized | R97: =IF(G97<40,"Underutilized",IF(G97<75,"Normal","High")) -> Underutilized | S97: =(H97+I97)/1073741824 -> 79.213932 | T97: =IF(O97>AVERAGE($O$2:$O$500),"High Cost","Normal Cost") -> High Cost | U97: =((F97+G97)/2)/(O97/100) -> 0.0059682873
A98: res-028HLTIJ | B98: Cloud NAT | C98: 385.5698 | D98: Requests | E98: europe-west1 | F98: 92.06 | G98: 55.33 | H98: 28186130091 | I98: 36292243677 | J98: 21-08-2024 17:41 | K98: 24-08-2024 15:19 | L98: 7.44 | M98: 2868.64 | N98: 2869 | O98: 238127 | P98: =((DATE(MID(K98,7,4),MID(K98,4,2),LEFT(K98,2))+TIMEVALUE(RIGHT(K98,LEN(K98)-11)))-(DATE(MID(J98,7,4),MID(J98,4,2),LEFT(J98,2))+TIMEVALUE(RIGHT(J98,LEN(J98)-11))))*24 -> 69.633333 | Q98: =IF(F98<30,"Underutilized",IF(F98<70,"Normal","High")) -> High | R98: =IF(G98<40,"Underutilized",IF(G98<75,"Normal","High")) -> Normal | S98: =(H98+I98)/1073741824 -> 60.050165 | T98: =IF(O98>AVERAGE($O$2:$O$500),"High Cost","Normal Cost") -> High Cost | U98: =((F98+G98)/2)/(O98/100) -> 0.030947772
A99: res-NOJL21YR | B99: Cloud Functions | C99: 85.8 | D99: Hours | E99: asia-east1 | F99: 56.82 | G99: 65.99 | H99: 33548048805 | I99: 36196607093 | J99: 30-06-2024 18:47 | K99: 45389.358 | L99: 2.15 | M99: 184.47 | N99: 184 | O99: 15272 | P99: =((DATE(MID(K99,7,4),MID(K99,4,2),LEFT(K99,2))+TIMEVALUE(RIGHT(K99,LEN(K99)-11)))-(DATE(MID(J99,7,4),MID(J99,4,2),LEFT(J99,2))+TIMEVALUE(RIGHT(J99,LEN(J99)-11))))*24 -> 85.8 | Q99: =IF(F99<30,"Underutilized",IF(F99<70,"Normal","High")) -> Normal | R99: =IF(G99<40,"Underutilized",IF(G99<75,"Normal","High")) -> Normal | S99: =(H99+I99)/1073741824 -> 64.954773 | T99: =IF(O99>AVERAGE($O$2:$O$500),"High Cost","Normal Cost") -> Normal Cost | U99: =((F99+G99)/2)/(O99/100) -> 0.40207569
A100: res-IPXAPWCU | B100: Cloud Run | C100: 135.0333 | D100: Hours | E100: southamerica-east1 | F100: 88.6 | G100: 1.48 | H100: 15437392711 | I100: 18692105460 | J100: 45634.938 | K100: 18-08-2024 13:32 | L100: 2.27 | M100: 306.53 | N100: 307 | O100: 25481 | P100: =((DATE(MID(K100,7,4),MID(K100,4,2),LEFT(K100,2))+TIMEVALUE(RIGHT(K100,LEN(K100)-11)))-(DATE(MID(J100,7,4),MID(J100,4,2),LEFT(J100,2))+TIMEVALUE(RIGHT(J100,LEN(J100)-11))))*24 -> 135.03333 | Q100: =IF(F100<30,"Underutilized",IF(F100<70,"Normal","High")) -> High | R100: =IF(G100<40,"Underutilized",IF(G100<75,"Normal","High")) -> Underutilized | S100: =(H100+I100)/1073741824 -> 31.785572 | T100: =IF(O100>AVERAGE($O$2:$O$500),"High Cost","Normal Cost") -> Normal Cost | U100: =((F100+G100)/2)/(O100/100) -> 0.17675915
...

Sheet Pivot_Tables

Sheet Dashboard
A1: Google Cloud FinOps Cost Optimization Dashboard
A2: Total Spend | C2: Avg CPU Utilization | E2: Underutilized Resources | G2: High Cost Resources
A3: =SUM(Cleaned_Data!O2:O500) -> 86458195 | C3: =AVERAGE(Cleaned_Data!F2:F500) -> 52.21978 | E3: =COUNTIF(Cleaned_Data!Q2:Q500,"Underutilized") -> 132 | G3: =COUNTIF(Cleaned_Data!T2:T500,"High Cost") -> 178
